-- MySQL dump 10.13  Distrib 8.0.32, for Linux (x86_64)
--
-- Host: localhost    Database: faktury
-- ------------------------------------------------------
-- Server version	8.0.32-0ubuntu0.22.04.2

/*!40101 SET @OLD_CHARACTER_SET_CLIENT=@@CHARACTER_SET_CLIENT */;
/*!40101 SET @OLD_CHARACTER_SET_RESULTS=@@CHARACTER_SET_RESULTS */;
/*!40101 SET @OLD_COLLATION_CONNECTION=@@COLLATION_CONNECTION */;
/*!50503 SET NAMES utf8mb4 */;
/*!40103 SET @OLD_TIME_ZONE=@@TIME_ZONE */;
/*!40103 SET TIME_ZONE='+00:00' */;
/*!40014 SET @OLD_UNIQUE_CHECKS=@@UNIQUE_CHECKS, UNIQUE_CHECKS=0 */;
/*!40014 SET @OLD_FOREIGN_KEY_CHECKS=@@FOREIGN_KEY_CHECKS, FOREIGN_KEY_CHECKS=0 */;
/*!40101 SET @OLD_SQL_MODE=@@SQL_MODE, SQL_MODE='NO_AUTO_VALUE_ON_ZERO' */;
/*!40111 SET @OLD_SQL_NOTES=@@SQL_NOTES, SQL_NOTES=0 */;

--
-- Current Database: `faktury`
--

CREATE DATABASE /*!32312 IF NOT EXISTS*/ `faktury` /*!40100 DEFAULT CHARACTER SET utf8mb4 COLLATE utf8mb4_0900_ai_ci */ /*!80016 DEFAULT ENCRYPTION='N' */;

USE `faktury`;

--
-- Table structure for table `faktury`
--

DROP TABLE IF EXISTS `faktury`;
/*!40101 SET @saved_cs_client     = @@character_set_client */;
/*!50503 SET character_set_client = utf8mb4 */;
CREATE TABLE `faktury` (
  `id` int NOT NULL AUTO_INCREMENT,
  `user_id` int NOT NULL,
  `cislo_faktury` tinytext NOT NULL,
  `dodavatel` tinytext NOT NULL,
  `odberatel` tinytext NOT NULL,
  `typ` tinyint NOT NULL,
  `dodavatel_dph` tinyint(1) NOT NULL,
  `datum_vystaveni` date NOT NULL,
  `datum_zdanpl` date NOT NULL,
  `datum_splatnosti` date NOT NULL,
  `description_id` int DEFAULT NULL,
  `mena` tinytext NOT NULL,
  `qr_platba` tinyint(1) NOT NULL,
  `vystaveno` tinytext NOT NULL,
  `je_sifrovano` tinyint NOT NULL,
  `je_sablona` tinyint(1) NOT NULL,
  `variable_title0` tinytext,
  `variable_data0` tinytext,
  `variable_title1` tinytext,
  `variable_data1` tinytext,
  `variable_title2` tinytext,
  `variable_data2` tinytext,
  `variable_title3` tinytext,
  `variable_data3` tinytext,
  PRIMARY KEY (`id`)
) ENGINE=InnoDB AUTO_INCREMENT=34 DEFAULT CHARSET=utf8mb4 COLLATE=utf8mb4_0900_ai_ci;
/*!40101 SET character_set_client = @saved_cs_client */;

--
-- Dumping data for table `faktury`
--

LOCK TABLES `faktury` WRITE;
/*!40000 ALTER TABLE `faktury` DISABLE KEYS */;
INSERT INTO `faktury` VALUES (3,1,'2023201','2','3',0,0,'2023-01-11','2023-01-04','2023-01-04',2,'eur',0,'',1,1,'','','','','','','',''),(4,1,'2023201','2','3',0,0,'2023-01-11','2023-01-04','2023-01-04',2,'czk',1,'Zíka Václav',1,0,'','','','','','','',''),(5,1,'2023201','2','3',0,0,'2023-01-11','2023-01-04','2023-01-04',2,'czk',0,'Karel',1,0,'','','','','','','',''),(9,3,'2023002','4','5',0,0,'2023-01-11','2023-01-04','2023-01-04',NULL,'czk',0,'',1,1,'','','','','','','',''),(11,3,'2023003','4','5',0,0,'2023-01-14','2023-01-07','2023-01-07',NULL,'czk',0,'',1,1,'','','','','','','',''),(20,3,'2023005','4','5',0,0,'2023-01-17','2023-01-10','2023-01-10',NULL,'czk',0,'',1,1,'','','','','','','',''),(29,3,'2023006','4','5',0,0,'2023-01-31','2023-01-24','2023-01-24',16,'czk',1,'',1,0,'','','','','','','',''),(30,3,'2023501','5','4',0,0,'2023-01-31','2023-01-24','2023-01-24',0,'czk',0,'',1,0,'','','','','','','',''),(31,3,'2023006','4','5',0,0,'2023-01-31','2023-01-24','2023-01-24',16,'czk',1,'',1,1,'','','','','','','',''),(32,3,'2023006','4','5',0,0,'2023-01-31','2023-01-24','2023-01-24',16,'czk',1,'',1,0,'','','','','','','',''),(33,3,'2023006','4','5',0,0,'2023-01-31','2023-01-24','2023-01-24',16,'czk',1,'',1,0,'','','','','','','','');
/*!40000 ALTER TABLE `faktury` ENABLE KEYS */;
UNLOCK TABLES;

--
-- Table structure for table `firmy`
--

DROP TABLE IF EXISTS `firmy`;
/*!40101 SET @saved_cs_client     = @@character_set_client */;
/*!50503 SET character_set_client = utf8mb4 */;
CREATE TABLE `firmy` (
  `id` int NOT NULL AUTO_INCREMENT,
  `user_id` int NOT NULL,
  `nazev` tinytext NOT NULL,
  `ico` tinytext NOT NULL,
  `dic` tinytext,
  `ulice` tinytext NOT NULL,
  `cislo_popisne` tinytext NOT NULL,
  `mesto` tinytext NOT NULL,
  `psc` tinytext NOT NULL,
  `zeme` tinytext NOT NULL,
  `soud_rejstrik` tinytext NOT NULL,
  `soudni_vlozka` tinytext NOT NULL,
  `telefon` tinytext,
  `email` tinytext,
  `web` tinytext,
  `cislo_uctu` tinytext,
  `cislo_banky` tinytext,
  `iban` tinytext,
  `swift` tinytext,
  `konst_symbol` tinytext,
  `var_symbol` tinytext,
  `je_odberatel` tinyint(1) NOT NULL,
  `je_dodavatel` tinyint(1) NOT NULL,
  `je_sifrovano` tinyint(1) NOT NULL,
  `smazano_uzivatelem` tinyint(1) DEFAULT NULL,
  PRIMARY KEY (`id`)
) ENGINE=InnoDB AUTO_INCREMENT=38 DEFAULT CHARSET=utf8mb4 COLLATE=utf8mb4_0900_ai_ci;
/*!40101 SET character_set_client = @saved_cs_client */;

--
-- Dumping data for table `firmy`
--

LOCK TABLES `firmy` WRITE;
/*!40000 ALTER TABLE `firmy` DISABLE KEYS */;
INSERT INTO `firmy` VALUES (2,1,'gAAAAABjtY5cI_VkX1oM2_pG509UKP39zXDNCoFK96hiwxWqXAFWnyjrO3BUcJiZlS_6annDh80JXJm5TeBZW51SQqrDrOCWrA==','gAAAAABjtY5cKGOiBEZV6rl2DRLC7HNfsIYE51RWopfZIxlbMr9TpVWsgTw9DdXDDyPs-u87zztp-Ju-5YReSrXPAoXg3bRhuw==','gAAAAABjtY5cnDItJzKQLN6mwTs63pHUReKp8772ENQ-zxInqO0Hs6ZDcxtRmrhc62iOjyR_ogiNZ455k5_rQW4OdUamTy6A5w==','gAAAAABjtY5cDMSvYy9qjxztFTwIAvGHsGSFbH-pHwsiEJYFnD4U51ScQqpN9-KHSG-bNBmqnwX9N7TJXQcx7JtyfYIWtcNdUg==','gAAAAABjtY5cGjyv_crc7Gx1IXDy8gaY4IkSCC9toBF_3411pB2zZXoJqz3j9ImloHAa0-O8u9Hc4srZmSB1uZ_8uSZBVVIHHg==','gAAAAABjtY5c5CWll_BTu8yMHrOcnmaODcZJtWuAgUm4koqtlgBfYJi43rJkphuYRADQ5J_KViscpuntGuJNhwGRvGG5D5wjsQ==','gAAAAABjtY5c9ooJHaeIjEZapiaIfAMmB91EaWx4CRXB8niKC7dXRvT7jKAm181hNLsRRS_F4wqXZ0zz4MioPfEDKvtmG-R0Dw==','gAAAAABjtY5cMe9LrMtZ1EZ_iv-sWET0Bf3fDJJiq4FKmBuA_enShuvcfeKY2DCJaXRZzVDXvLHRbDOhpQSvGyHGg0RXrO9tLQygx-nJfWuS8lGn_9lYid4=','gAAAAABjtY5cZAEFjXObMkvD0PljPOnN4BuSY1Sn59GJPw007vB9fv_hf8aZP6eAvQkZSm16AKKQkNtzuMunZTl5ADq-6CRdB1eaf4Ea4-U79oQOHbJTg9w8oKX70rfN5_yahfdQkPcK','gAAAAABjtY5cwwghF17k1C5VL2cKvL9440p-kfcYeZcOWoYD1_f5U1ifCNLNcxkZ_iDgh2biJUolvfnwF_4eSg75ysY1UqqcZg==','','','','gAAAAABjtY5cjNeA4yAbJnnW4Ok4zKBkw3vTGzvPosDfGcX2OHCbJGWb9pgjInf5_B2B_C3JQvF0-4ZSi0Rn1ApWexmez_Oh-g==','gAAAAABjtY5crJHcfk3Fi1JFfyQqdIzxp0tL_WIf-4tSIY1RyYwpotJMaoyM2OkjsooXlVCnnTwn6oQuxFP-OHWuNqEAxVxurw==','','','','',1,1,1,0),(3,1,'gAAAAABjtY5o89Pz6kZqIp3DE6NATFPrCTeA_rBkehAeTYjUEu8xDtXCddEhWnvtS4026CSL-XdZ1sI6fZEPyTFpV6MoVZHqQQ==','gAAAAABjtY5ogRaQZBrP8trWxc3DA4rxcc6_-sa7HZw0rpagu25cA_S1g13fhxtpLkVfdMV66l8G5mvBwlbCG_16gyiXjO-w7Q==','gAAAAABjtY5orGNOHvjLkBkVwENmxEYJTOCnJYg9Van6fo-kst1ef3SLW79WD6EZlULmpoGQmTmyF1RuZxGpJ6DzPl20xD4_GQ==','gAAAAABjtY5oJ8aQCQskrEh9VV_Capl_7S2RvnQRX8MUGD9eW0dWnJAFzE2VZQEArBD5UrKY5Nz_3hbJXBtA8lAY751E3wu8rA==','gAAAAABjtY5opgGq1aCdQV0Eev5NI_s8Ra2cztIRguo2h-4_g12QA0OUeh09_2-aoYkTklbzMcBJ_gKriqzOLnMLnNpSiwEehA==','gAAAAABjtY5ovcBD8imVQ4q-BLza5zBbBMq6qt8FGb1fjGM_ElAr5N4SrzKBWKAOrGJOfscclYQIq-T9SEey5x3LDlOYPSyWkQ==','gAAAAABjtY5opaJrtIc55M0GxvbxSQK0P4jBES2ydEBZnm0Y9jxR40WnerOFPu87O8nRCTyiLQR2XwDw-HwkiCutVd4qYpNAWg==','gAAAAABjtY5obYe7rF8-buba4kmGaB33yhL5xFkYDdnnFxVFnm2552-tcltXW5EngnyzWmff1XF80j0um8GS0xcwH1s000uiDFaFn115Ww6Nf5_PNLm94cs=','gAAAAABjtY5oHOmexxScrBycrrIut9qnRQXiGyw7-y2Ss6OgtHjSdcv4Q75CX1Qleax66xTlhQ91kh9iF_HSvdgTs6Ama4MZJXKAN-h8PZf8CPHZiCajOYU=','gAAAAABjtY5oGRADB7Mb9AVCF-bVgH6vIQSvOT5aeIP8dYG1Xod3vEONIcCGK9drmVKa7VIW8YlNCvrzdE8dg5x9nloNIfG-LA==','','','','gAAAAABjtY5owht0FcEcJkKDcxl_GtV7P4x4kbVY6vFDBkhECNJ7-F7tyKSd59NiS74HcBTAjZEU_tadnzXc0wK6q_gUjYJuXg==','gAAAAABjtY5oErLzpXKC87kz3gv7lrWE8MHnWH29hO4b7rekTapVBSQ98V5s_BZcmTn1004EAKzB5EabSglEp9cyLd8rvUtAbg==','','','','',1,1,1,0),(4,3,'gAAAAABjtaIkG47gkP16V0qZ_pFubgSy6VfEROCP189rfHl7iS0QqO7QvdQBttlp-TL_mrg552dxmNDa2tBJPCLroNmDD96Yww==','gAAAAABjtaIkqIq4Op36tpsnKPNMjWg8dDnI_cX5qrUsafAsbC2BLHOg76VHrcEzN5KHS4Lgjl9tBzRXQQqs1Zs7vvt_uoOgug==','gAAAAABjtaIkghZu8kYUnZFfPQ0gJdtgH_k0nqqNyIIjANaPyT_UzSD8mUds5qwrU29xmo8IfsdA2ZTzbS0Td9FbFXOuxZ-VDQ==','gAAAAABjtaIkcthxOMBUL1esesU0hXH7K8rYVZYS7ac7szVPNWSThXMbE8IzUhawC5mJJvcWMLU5s5-e31-mR00O8LwXcK1tSg==','gAAAAABjtaIkZx4MvDPTcXAUWZlZY4weeujogpVlJX93XfDtD7-EApMVbl2eGJ6VZ9j44_OxhIprHjcYmoHIVhaAtySZObsNYw==','gAAAAABjtaIkZWsm2xafz_Xrs9pz3auG7vDWvY79pOf27pqUZPY7OCFxUZva3HhUpyFSfD7UlqSrMMkh93bXcOxcuOL3rEVfgw==','gAAAAABjtaIkzDhfjaQ2zuG1t7NtDH-5Zur1BEDHTNNj4J9-4qrff5pp8QLFIIFQTYTR_JAstm42z41r-e3J44JcrFMK6v9oMg==','gAAAAABjtaIk3VkjD2bVDxxar9DHw4MLNZPS6sodS4VPTcXVNVAZKYfYKlKElJhFKXvg0bhEf2JzaY7gTdRa8Orx0LP7x042Jnu__X9vyuo7xjKwsF8pp8Q=','gAAAAABjtaIkv7-qjjlBNMGEgw0WPoV4f-HCFUIKhhe7-yhD6RPIp6jYcR0ojG-PDYzgAd-9PtxJQ2GE1WyQCKmv2NB-ISvPFZUFR4qg8MTzg8fWyAuMZa-IZ1KpZIRTKsVfExxArNv7','gAAAAABjtaIkvTi4F3asWgY3RqeNGUBNuKvFFm5vNECqoXLSN6tmSZBu2jNX2UpPofMWaAyE4POjCEY2ye843Tsx44-d312ZTw==','','','','gAAAAABjtaIkcyezKQn3jzx9mpJFj8dvKj5NtVhghgoMuOxdFSqK7TR7ac0bNTYRgNMk3Cfk8EFq-akEQ20cwXEoNSQ03BJkvA==','gAAAAABjtaIkgXwxRIxhoNnp7_46nVMSTQUlIn4ma4UG6DMvuiTlxb2CbNirNrFL0KX3DCbilJe50OQ-mRstcF-a8mRpO1NhFA==','','','','',1,1,1,0),(5,3,'gAAAAABjtalIRHvVDs-ely_t06cAARXV_1-xrUfpIHZ9m2CGDohNSvhgv8z8wxuqb93-RbdBxAycLEpfZmGX8JOJciEmPfbCNw==','gAAAAABjtalIbwc3C8IQFePtsaGniPWM8xC8SPTVvOotAHolgfRpt2NFg5kKBB8ZhNYA4o3BGKPlutCW8AAfMqcugnF9yl3IHQ==','','gAAAAABjtalIbg3maWCOCd-FfWetakWIg-qJrVdnwSauMRD9rJ3pKfkLbf3CECgNejwrmsxBG0NTHcKMSMHL9_S-MTfab2djnd9PYHe4pl4RuiWrgZVV6Ig=','gAAAAABjtalIfBLCiDQGjuDuXkeRk_H1aoaJ7PBjCxX07FWJnLyrmzL_YrMCIm39-boMPnxENNHo0B5468CZQBj5VXzgpO3xeQ==','gAAAAABjtalICUhsGRKR_wmuZ9hK-1JDfaPiCHX8GuQkBpyKO4PGjzUTWuInJMHLuELuDh7DFdVthDyHp2ulReOFq4l-Z-J18w==','gAAAAABjtalI849jwaKFptSIxx1gZLmrsXpKT8PKOODBeErFEiEfCiSO9d-OwftmpjXtg8ezbbbGkXgs2eE1RajRPnymHpYhMw==','gAAAAABjtalIe1gm-CkOUogfgRboH-wm-SBRyRgQYloSgU0TcU7A3RXIc0Xvz9o5d6YW1sbA-qSFuFKyGvHRgNh18mPWmOXutfx09Q0nW4uKDDAZj7PVto8=','gAAAAABjtalI_oMAkOVSt88zOQpnkH95GlExqskXgklkFzqHTSk3a1BUtgcmvBWQvUoa2rGFmDjlN8dZy0Gf9Cu7CdbA2YIASaMHgwtV26uRVSEZuxOs8eWUk2YVNd40nwTxXfbY3JPJ','gAAAAABjtalIhOw0Jx2NHrG9jdkmMEjXi0r3pJilnn1MP8yTEjSxqmK3mmK5d4kBPAvBF6iitkiklxwbuMGKkYEHn__rn0rJFQ==','','','','','','','','','',1,1,1,0),(12,13,'gAAAAABjucNSvO8TBDTqazslyLZfX0OY1a27jwsBLbJeo5N8TIt6UFwFRduWw7PRIIPd_hYOc0VjVaOCC9cVvzVP19MfzFUEUg==','gAAAAABjucNSvHvjHrJGrwVKYqC8nU1xlWIR4aQiwMdyO19Dx8u-o6brDgkB-tqU3lFGG-nbyalk_CijTWcm0knAKTi4f8m05w==','gAAAAABjucNSjhV_tAy-RlhhucpxNRocfMWWMRwkrdEELTHoVvxOHJKQu5jgWcTAwAv8ODC2sDxEXIVsnSW93hnWQ_LJTGrKIQ==','gAAAAABjucNSXolECv8PIYm_dYjLjmJV0JtcdJNDIokbFqoAslHYjO7HXSfW-7v1J9Bhf56vRKNBdVv9SlKJOOC749EsTBiieQ==','gAAAAABjucNS-ccPp3hxojlEKmEv4bRx-BurMOAWP62ApI-7cDYZ6TQ7ChKCkRGk-H_hrWqZGw6mXJaTSXF_Ulkeg-mxglmqiw==','gAAAAABjucNSFJrw5X-mx5zVSOeC9fcRJPVNdTK_Am43x0EnqESSIreNOVwUQnAkXuSeMyXBLV-7h4_gcKupIazwPMCLPOu94Q==','gAAAAABjucNSkZ0ujLRAAZqsme2Z2ZpOnenCxejcMrY7FKQtGctAmBRx9_ydR6TWmvkjytiFvAwQW7haTC3H6gFChRfCGMeOmA==','gAAAAABjucNSKiaqJKRscAYv8mv7QhtTLzdxCrTJ7j62U0h9J8W2Uk7MEMxfP_x45Sr0qh_EM5Y-ztFmdZfePFqkT-mS2I67oAAJtwQHAskuxX5aB4gLSBQ=','gAAAAABjucNSfEmvtfWsz2LX7zC8J70b9dvLzls-1yEaPRLIxNXQIotwnWEt7BBARPZWmHxWCj3N37_lyEoaAUg0jjt4avp1TUXyRQsHVbn1ZEyrlbOtICI=','gAAAAABjucNSrn69gWeile4XJOlKzX94wV3fln_cdOEvMBc4hJ4YlYvUFipMJnGjieaLTK4kAX1_x219Dm0hd6cdnJbkamqRLg==','gAAAAABjucNSgD0UeEnpVRCOte1_-An0-NYHSfZbDwnnSI9v1dmctOZrz-s1FBU9N9tb24SVm45tBZ-WgBbb7_EEfoNz6yY9zw2Enkc5r42qfEheWuzXm7U=','gAAAAABjucNS0Hju0twu5Xci9Fw7_bZKvtrtHfiSQ2XKwi8Dcqwa3mgmU9xtytOAFodj4QoxXaQCYGZhnUkpH_kPEekb1HY5EwXs23x9rqxUVArXxo8YGsE=','gAAAAABjucNSAAc5ujbE8UtaMq8-0Y_b71usSKE5vVwSCbcZI3w31KzQskCnGxMC1vFCAodVs-QwdVrEcf1wdzTkmpU7SZbgnA==','gAAAAABjucNS2vs-Gp43h39OAVCVNuRPheK2Vv41k6seekcMp4RX4dWDv0NWMvaiyiiDqWyjuyOcEqBM6ynI22peY4up0pCK9g==','gAAAAABjucNS91WA4KN3qRWQRo_WL0JMRj-_PQXhNM3JtESlbLitpUSOA3HwkLlUussADvVU-mUdMa74hJdp-MVDvx2n_0x68Q==','gAAAAABjucNSXs-ZvsQ82DQnh5IH7hmqr7Ab37sfkdG5qgGWNbW4hAf6jrwj7615prd4tdquuVmmqX8dwYFhzAKi1ryjszSL0Kt81nXJ9Z5Il3GwsP69Bck=','gAAAAABjucNSZL74f6cQZl0JsZBmUyFtAmMQRNfb8o2YGfLMl9SrJUwhyiWtkW7o6Pbl3O6WlwnauLAzSUJKbi9eoLnUCbSVFQ==','gAAAAABjucNSlhxAHdhpnpCkCCICTDJU4vZWs6geWJN15-QZX8ntfai0BQyKoHbgt5SxsFPzlb1NsDS0Iia_4XrIT1QpJrAs_Q==','',1,1,1,0),(13,13,'gAAAAABjucNiSAhN-t423Aqc4OgxMyPw1Ls4Ik1UT_4RyjrUBoyT_Kf5WbzTD36B_lwSPf0M8-pRYXvLBp8hn46yWjzDKTxPig==','gAAAAABjucNi-ebrU45bnj4juiA4Yz3dMXweVTuxj5MXd4wkPEOFA7N9UyOKhHowqhq2D-NlNdbcJUOGj2UrhDkgV2TlTimRxw==','gAAAAABjucNi84bNxAoWgw61aZsW5Z3kcfRyWURrdm_tz1SwkdZCjGt7WJcOsz4LjUzvsx5ODX3WWQbwil47l2ahkbSpuGnT_A==','gAAAAABjucNi7P_bwertnpot3TJFsrkSICLMdMqL8nrWje96jqJWJtHXLwXZQ0YibUe5qlsd2hk9d7YRmkLA2Ze0b0hEocRxehsUrlz5rOp8_AdSvQsGvXg=','gAAAAABjucNijxiosYLQP8zHTKE3miW-Nako8-mPmG7cqUENf6PUeg3wrYNQlIA4oTe496BXNgO4eF6_fgUQuRyvuekmwfMjvg==','gAAAAABjucNicU5iV7PyxQ-BvXuqPH4GEC7p9MCXLLWe2l7vGkZ0ZKrliJ1njQt_R1inXToR4KEqKnpkqsQDuudVlc30IWj4PA==','gAAAAABjucNioor66P4e7bXKLaNX7mTLl6QBlh9tu_U5QyVJDp6tqckq6485L26GrCn2Qm4tFyGl77r0MRtYKS_RsjrzZj7YtA==','gAAAAABjucNimXoMMHbh3V7Lv5czvvurEzAf105EJ6eVuwJu6JY2OemwjUyROxqjRfvfKyt5qfmNhN7DFFX1_fLjjbZr0AoBzl3ACNFu9e-KwhUHD5rC94I=','gAAAAABjucNiaLwPIsSvh0KZjxYU5MSSAs2twHNrgeF7yPunTQGRxbOWsnLviNFkoDOxgK_gHV6EQoksswsgrNiW5xRA--4vra0-bFJkoGHuETVsTxMNqZ7aSPIGdPq1bYuk8SC83m9r','gAAAAABjucNiGHeivx8smkkafIW1LvfjjRB7NPr8cdZXnFMs22BFRR02twvQbwq9inGDd4Gq6dhOdCkMUqjyrIa_bfgEX4l_uQ==','gAAAAABjucNitcPKF_GTpaVsqrVp3_7qa_xrQCrwn6dMqVsU0LfyXaEXXL6nvbNINeqf45A4YP21E_quWOdpNeQtGc7rj2iNQVmjNB_anzaDEpb6PSQIHLw=','gAAAAABjucNitoyWllFUZW6L0vYTf7gniETwZUCLev3NlHxIhl_ehRo9ZokFkih5Nzmp9pX4xvpiTb_1VFSGYbvWrJ3qlUShWQ==','gAAAAABjucNiWcSgJLYw_c5IcqReLKAo0FNmTyt9FLD-YuxVbEujoNRiUSiPycTQati1RBWySIgF32RPHE8OuV1G15HAsA-Ixw==','gAAAAABjucNiKy-yOGFo1oagRC8TAGhIpQOoO8lCZ3mV7OCwZEfb4cmDAFDHAhuFVh5zmDaZdkRRDkKMPwAUKuTY4HxoXLMCGw==','gAAAAABjucNi7RQy3FBt5FMZjzsT-HEj8tieuMU5z0FIfl6E1Y4dxQSYmjIHiM_mHyJAb4TOXz05JhLQrZN1WIN8gf4GoUzlxQ==','gAAAAABjucNiWu0KBoIvhYpnVTU5cSjHckC850OAwasc7owDMbkEGL9ygfoIX7FK0nJpy-kJy6gF1VZYcjj4CgTb70RrMYcMtLPD6Y5e0pohbTpwO52dIOA=','gAAAAABjucNikiNxoxAFksgEEk08B2o6AFH5BF1Wrmp6PK9rZpJ1puiDf0YLFPyLQGLDA_7qbCYp19QuOum53R45_ACi0ZvvOg==','gAAAAABjucNiVJurxmL-qFIN8jbktSeexSmlRp_vinUIL4uR09qaeP54sL5bh_TxuK45HJA5PoM--ILq8mdnhfvA1nB32wGAJg==','',1,1,1,0),(14,13,'gAAAAABjucQfTw8uOge2nSpUuhxvpg8PAvT09e9sGRcXO1wFb2_6yRVMOkqTNozEOZ9BVfYTwoeDNi9xpMnvI_d8YhuroCQuSg==','gAAAAABjucQfVWIRElZovysWukfNnrOklTqKWWfvj8RTwzc7NzUm4BIHKC0VSCalbbdJQu3lRFdKCVRu_AqXv3LNb1Quocvyiw==','gAAAAABjucQf7JV2-skg-kqoe9DkAxlLjf8dy2pFodQY9y80YmA_fsj8YrJD8hUGoFGEMwoTvAlPRhpK5Zcj-0JWqT6bLMfSlg==','gAAAAABjucQfcG55ECbKGXpNocHDeOqz3UdYuq0-JRLcC7ZWChaWiDn7eZChKwR5xL5CjymrEBZgsmNNMBl6gEkh9Gpeca2OBSpZOvk77sS_hRyEKl-iv50=','gAAAAABjucQfp62Z9M8MenwBCDeiHNLGKf-4HkF_ycEAYD-w_UzTkHw_r_72LP3k_zOxjXivPV7vOPRI7Tucl8Ae9OfEE4vB7w==','gAAAAABjucQf5gBVeCrajGQA4tnhL4LxS19LGGSSJbNHszMbw-IFhrLh2W18824inuRfxr5aUlxw7uniXS8K7ds2RTQRPvGpUg==','gAAAAABjucQfiWHCc1WmzIiPBekU3xfyBskKfxDxvuZFLtuU6XkCxjIQI2YWTmcyWY0cSt4W5lfVZkf27ZZVjgp2a1MGcTjnxQ==','gAAAAABjucQf-I8Tk-DYhGhR4Vt37870moTttv7hbBDXod4_wtbkEioEBUIiPHwHSC_9hiW7FsoHAnCbdvi7v5Ls7aC2yc_ZfWEoHkBpdOZ-HX9E0pQc1fo=','gAAAAABjucQftcxgIbcWy7-3e0KMVO9iMf_9mzaH3kgzuHMPURbHDbVyEt7uF1xoLtSmXF89o45GRMIBJS3J4HjioqLHM5kO3luT4t0Vfvj10u9RNb8HqdJOgDS8b5aZCicR51Wyfu41','gAAAAABjucQf7iCO97GgGxZW0xoOcXoTKfWSOz8TynfTzuAV68GtoWalh3FTRul45xqEYmPtUOFXDr-TXmWxWgG0KQcJTO1rYA==','gAAAAABjucQfOZL-5CT8tfRhjJevVKp7KAxycaV8GY7rAGnh9uftDSAVA1CoYF9AMHv8omAS_akVq2Va-0EE50SiUEAGkMZUrF7yv1EGoV5UlxtTlrF7mV8=','gAAAAABjucQf7bEkh9PkxGHkOIq33O-xOT6pTgLs7R_qYGgjtFlrgR8UQEkRxPZTjIAsymQugCpcUWLOY6lk-exjqbHo1M6_YN7LGFdyh27dRgtYVMfRtYc=','gAAAAABjucQfG1dzGv8ELRMXpO50fCMy0sReZjV3RXpQLnpRGd4svB_TB4CNUhkaGAMakjUxzEVmXXPSW4vDxfY4tuZDgILuwNVdjEoHejBfL-XdGnqBh4c=','gAAAAABjucQfh2Rx6FuAasf_ePm4MGhrz3rNq58EglIavAlb4sG65ELETvbm7ft4H_2LNviFnKFjIaP7seN_S5NUol3c4WLqUQ==','gAAAAABjucQfE7OQ1bwWsBiplQeXqaDzahb7s-ZyqEWW0cUrxwhi4f-Pni2OK53ZAb5yO8Z8SMh6DAM5eGd6dRCpbo1ta-91xA==','gAAAAABjucQff7oG6ARNdFAmrrgVxXd2mMiF_8lo4jnvCq97NhKkv_ICRcMCN5IiGhOrqNue9fa1w83iQMnhsV7jW8PWPiYYfCct9rboJAy61o3F5CrTtLs=','gAAAAABjucQfYx_7qL-svU6I53eN2swsljwBzMQmDpyvzCIh2EXq--Umgo2XR6e-XHVcUNrfXuqhVFEVDMzwGnQeWbs4AYdP9A==','gAAAAABjucQf0m7Znbq3iI3PuLBIJwRDw5CmaVUXi391JNNCCi5OfvCw1mUFmC4vrXiX_yeLRIYDD79dVRjsY92KDM7shQxw6A==','',1,1,1,0),(15,13,'gAAAAABjucROExlDEQpi4n1iMDpbDbGSUjMKB5L273FDjpcqADb5JinFen4Gs4SgzED8BWgkLQyqGwGWKaaCWVpkdW-dRYQ_pA==','gAAAAABjucROByvZLWHpq9QW3MYgqK0v5HX8_yxQyJ_pI1uRuWIR2baXFXHQUSDij77nIkoJ85cdhmf4pqtkuHzmCc984duyBQ==','gAAAAABjucRO-0bJhUCspb00OEoEWpt3Ga3yhBB9L5Dm4uRuv5Lr0D2ks-vKassSEtu_seQ5NTdyEPB6duF5Md-RyE0It49Yuw==','gAAAAABjucROJKa3leoFGogwoQkdU3GotP2AhO7_tYhkdaw--aXRE2WKU0KQCurzzdxbR9vfw2bJZ4ayhQ05p37lKUhVDg-O4w2RdZZJScTJMfe0CQs-rIU=','gAAAAABjucRO-qkz5kW0v0B37VTKDn6aQ7UQ5UK50-TLNhSvVw0qIH655hj6qlEfn1I5CORtSi3wC_-V-r59kwx8bc08-5OOcQ==','gAAAAABjucROyTHcAe3AbFLtPZfH0TsLPBZHH7k61tEyF-qMBNEE6a2Bh21tWKa8k7tvm-mK7hwMCBvz565I4JXK1Y1ecIyzPA==','gAAAAABjucROWeorL1yKq2jBfKBCF64D7ElXUBCBUbs_RYWOGCmnRXV1NlCuJtaklaXWJQEpPzRcTNWyrS0sK8jEU-8EPTuNng==','gAAAAABjucROlo09z1m14Dtry5l-U3I-MyyEGh3KXrHpYkQqRNg0SmC8qsoNd6E4z7J7ToJX-RXNj6UVS-5efjdrOh2p-l4lWGJo3lzxP2R3beskKKc6ngc=','gAAAAABjucROGlrwmjA52m8k6tYC4HFWgSF11CPkzu613Om_0uI9BJwBr0Cuk3STTsAD3dD_ln9lP01fSys4I07vfvPfVgAl43rlTwI6ly00SWSVSqgVI4LB9OuMbxLtw9ohfez96ekG','gAAAAABjucROxbHRskGempyIeZEvb3jS8AebN2N5Y6xH1tj2J-v8LnMqIsjcfED-kM3b9MaSaipE6i4HpO86p0CsIoE3psyXbQ==','gAAAAABjucRO6QmraQcbUm6IRZgl0ajoAsRj5AWv6fMjmfWJbBxYOKl0T5YTEKWd3_metwgDSQHT7TL0-Vhw8BsJ9LMWIwEwdbhSIMfN-9v9Z0T2C8azSTM=','gAAAAABjucROa5wi-TdbV4j7CsJDgd1GvGY-bJ-EDAIr_vzbKO_HMgaBWjJn5aBOJfCeOK7jdEmpepzW6pLeqKn_64p084afVdG_PURgfBA88JxDcT-B0PQ=','gAAAAABjucRO-MPuok9TpHagybCDt4hnLL2BVv7jVzR9sDPr6j9DmvOLGHseXNP9onUj15YJYwWpTdSc3C46sQ7C0fX-Q-Rfvw==','gAAAAABjucROSfNDSZiOoOWH0aaPu_Np-O8pdqS39cLUFHGeGENGeLhpiFojWvvujkl742dk4kAZcrFf2HzbED1lJ0g-TD1ySg==','gAAAAABjucROi0D41FoIGlR-ToV6IoEx1hjwVYcDHs-sSQ_qVfcKXtghydnBbBGKqeOuUsv4Q72IPL6L51EkZJ70JbItJCLgnA==','gAAAAABjucROOn9zzfPBfKSxR0qT0rq4TwYdmjLnyzooqHHlukLWaE6DtVTF7lacsc7wpX8QMLc0TCncw_nlUYrCrQ6j0aHStA663bhkiMGPE1VwsH3bfnA=','gAAAAABjucRO99Jn8czh-WW4Diy3Ve8tavMKoWP917SoqrN7xqGy1Zz53dadVV2dNXasqPeDh3iZwGuvqpdBgCHdEwMJCPK9GQ==','gAAAAABjucROWQx9D_bz2Qzn8MXA9XuzdbJaQgLgZDHzYcZDQsSx-JM4Hrqa_HnMHewvLTkNQHmqPj1S-4HUBh20BeywGWzvSg==','',1,1,1,0),(16,13,'gAAAAABjucS2FCiZcrIFtFUeoCDbNoBf4Ns5yQF1aeFJqV4q40Fkst5bzB3j4RUdyOLeI59hK1vk-oteEmboSF4VKQTSI2Zlyw==','gAAAAABjucS2Z4DtgnBFaQc7tzkDTYOZR-xpnFiCvXVd4NfBHmrGBcUx5xmjKgsb3WaP8McgVirIe4huIPqrD0QtjXG43imY0w==','gAAAAABjucS2c9k35TDIA9SKVl3s78u5AioC81QsnAI0bC7kQMEd_Jwi8MNNNS4U4xOBCGQzHfpGe7XlbyJXgaKPmkeqPZp_qQ==','gAAAAABjucS2YXgvibHBnTcWoTy_Mk3fJ4Acvhtw4nkt372KR6ZSzNmnprkra3GlYSsEscqfYk4HW1o6u9RhArewt7iPlq0r5FNTxAkXhImB4WwM0LEV7Zo=','gAAAAABjucS2WXyHb3Komhvd213aQuvpfPWvQhJbkQEMB4U9YoEx3lXLyJ_u51_LhV-qmZQbF_HtMl2kYQ-3bJvbY1zPyIFm4Q==','gAAAAABjucS2RDAUd2svtl8wu0NV66NV1O2QhQctRFgpLznATnbeTeuTzcRAMSfNzC87x-4apoUlM4Tf-SZn5v5O8NN3Au-hUA==','gAAAAABjucS2c_lFVxnLIfxVcTsAnjWOT2ftMZ2wc4aMqOLNzdycgsV7ZyRh-JVbd_zbdWieQdg0xuYVza_xGDzu7mpsDdxYXA==','gAAAAABjucS2Kp78caz5Yzr53ZzklnhOekF_3CrM7ovJSdg-LLxKyQHTHvyC8BBDrIXRwOKh1vQf8ty4N8TmOXERXkFiHKES7A80PO0UN8FZIHQ9K5zsBL8=','gAAAAABjucS2W_WXkchpwwE1OHZOApCOLawazvSYVoCCv9HwjUo06g5ZKrHqagdRibLEiwC_19heX0_dMWa8GGYDdbABaaQC0B-XiEaN5L0Bh4A-WZnDREjHQaTVnMQBIKUGg7B2R-4p','gAAAAABjucS2rjOcPs-xL_gtDHQw3OG7GMNS4VrLYL1wcfgLj8kplnGMk4rjn_cMibswhZq2yf2bjVKa5MTIZUthOUYzHPyBVg==','gAAAAABjucS2ulfcpS8x4cBxouuOJtaoXPgR2iVD1Z6kJf504UNB9Qa--HkylKCjb-9Owhy8j4XXu83EnnfWHwxKses-d7wDnt8KxyCagxjSlN1PMe0nQss=','gAAAAABjucS2RLAOb6Edm4segWi3OzEkWJfCaHM_nqfVF62hPvGUVBUOAhTKS60Z8rTsHhAFEZEWK9UiN18kv1sviXviuR_iB2kjfab4Hr2i7r19kwIg9cQ=','gAAAAABjucS2GQPDp_v0Er89Sg5ABOUr7KPV9gaBXRg-5dSB4y5y45F8KHIxHhvKiMEEYrk3DeUWztRYHKRpdISY-BVpa4wXaw==','gAAAAABjucS2pr8gO352DgdcdQW7zzDdc7MAIXh6hx8MdkStLCPuFSYKQ06-yUsb_-XqXJaKFcA3xV9Q25INb2Ybyn00Yr9xbQ==','gAAAAABjucS2xXX7QKBD7gcIq_rYtPDbAOcrs-bbSlUwr8kXtSZPVbU4y0bTu80lnMOH_7wc-DeZU_g_KJ3dwVQRmGUj1VAEVg==','gAAAAABjucS2NbQgczd8Ho9_gF96SJchJsmEmEr0OORAuHD5ahWicGmduMdUt3ihhSjMH7lI7jvC6EquoU2ca60Pmy5vz7rrCnlA31_TP9sUhNineKLM38w=','gAAAAABjucS2wvRFLGkRzI1foAJV0U0zNWLnHwXDUR2gVavbJNdHEpBVSYfW9YGfzKRPSaQkE_x7apjpcC73p_Pvg5VhvLkgPQ==','gAAAAABjucS23bDlxHXf_HFZfSYkuET_tdZV9EC2jvRnv158yNRupvAeGsBNDhEdFnbfrB7xYkX7H2d_cGq7F5M0tvmuCz1ipw==','',1,1,1,0),(17,13,'gAAAAABjucTwtp24iiRjGfqGiPoOfstWD8FoQuzE8lPNga0F4ZLVNzGoVknmoywkh5OcNT6fHs_UNhqEMXvAco_fiAdWHw2KHw==','gAAAAABjucTwP5Jxphh8MhpglQR6cqfs2tkFvLSbK68NTfixdPPxMXFBWbBifmvVNMBlnAIXgGJ6QG4oRnpIVuslHtWq1-buYA==','','gAAAAABjucTwvo-FE_dS0zNeqnLvDR09nOxw0lXiFBbsiRX_X4UVExXksSrTR4KUPpsO4Q1EKyAeUvV6crRt130N57RU7tI2G0AQ5dVxMJKPHn0btk7YZLA=','gAAAAABjucTwXAwDZfvs6McK94KzTTtNAnhZCsCmQRG1RDWQ4ubowwPd2dUGrN_PCTkSZrhFeQ4JFtLMA2Tu0aTwowMbxtdnVg==','gAAAAABjucTwRhVdHHWUg8xkAFJis7hEQ2QyFFQqCj1mTqEKJWPjuFw1qRTD8AoKr4uVuwR9QX7fwB_Q7mum09li6DKNFnYbng==','gAAAAABjucTwjGDCvvg6tnJpva-ZlxzizvXIydPQ6AXpsvIuEA9ki0s7YjjyzJU5Nzrhp0DZ88skeQRmTuM89_r7lpIr5_P4uw==','gAAAAABjucTwaYx1l-aSxuRqj7-NYsTxZ48Dyrho6lblgwt9p6xU7ws9zseiugy-YArF5TTEUDawUrofVbDprQD4-1bLfV59y0awrRP5FNwNkxocV_8u5do=','gAAAAABjucTwDqIGQRHT48rZwfEu0FKRnGzfZwhnQKxOJ4EfmyHaE_0knmwGi27WeMkFwGgDiN-5rxlZL2OGF4ODff9pVsm1WkyubGyCGR0J4LW8fxpMoaPuG0BYUd-MHI7N6OXZ9NiT','gAAAAABjucTwEGsbnSx_kd4mWO62Y2b0zt7zBR3sUO-T1yaQMFr6oZEEvSWaRmGp92GBu-kldbxNxOE1IY7VkP3gXxXYu9ot5A==','gAAAAABjucTwSpfD5rlBADteWEE9CFSKv8Ldq204hKlqppcSWSG5wYzJS9_PtE3SeVcU-IecLq0rXlk6rn7lZDrzmc776r8WcM0z5Cy6pDxm4M4fEJsjKAw=','gAAAAABjucTwIFVGowsQp7MlqnsPTa5n0I0RRNlG13tm2NLWBi_z7NAHq5Ah_ueHrpds6ImlRBrd3EKh1JulhaDFQw_K2snL2j26OkGGk6ka80kQGr4C-n4=','gAAAAABjucTwbwAXEY3q4094ERymPWHaoF-VX1pE_kkXoPt2IhqiZ9BWNXvSv-KIGhvZUq-rvhN2DmhfjEtWJFRDLohTOyoF9mZOvA5638KAc7suKggKLsQ=','gAAAAABjucTwHv3NlvkCE8IO_leqJiyqgS_AR11nTUYZEVwbXZTchxgrFjK67ELp3fhjCyELbxfj22FuFU8DvUaJKeKpITQwig==','gAAAAABjucTw5I9c-N1TaVKlPJXPIYvCKJ0NkP4uM0GVN1uAjYwIONzse8QX-Lzmf7Zuim4kAXJ30KJK3ev0lihGdlwvekntiQ==','gAAAAABjucTwixCAYxrjhevXbrSwlV572vmKvcRBEDHNKQ6IulSS3Fyv4YE_32X61EfnNl04HYc16-D5m3F4TWIDcmAIVxpKpQ-IHXvk47xIjLYJuY7I8wo=','gAAAAABjucTwYazovskSv7diV8uU_UvKyHk5WEjJB3vVsxvNmPwX_8I3ZKUsaRlzusvpnqE1cbAFsQCd3LZQ5ag8b2qCW8DnIA==','gAAAAABjucTwSXyjJnUzqImD4edFSSSJpuVukbntEAkJOXtRcq21WLY6n75m8TDobLmqEhW1OOrXRRjhVMYgx9CNHA85vqS1Og==','',1,1,1,0),(18,13,'gAAAAABjucUjB9cZKNYJ7QEhoRaDif2dc1t2WClk8dry-eNldfESwXsqhifNQNJzJAdXHgqGa94_NmdXgSaVUH3bKQABtSddHQ==','gAAAAABjucUjIAf_lOM5u_umfhYwU_vm1RpSKnBkCbEyn4eaTYvW8oJtUyJ_FSGZlDCd4r6aTWdk1xXhuPCqC3g3tDRMGLC0Pw==','','gAAAAABjucUj_yAejOAaYqzIUrba9rWnzh-70yqlM7819GUy6EQ0BRHIeMgZWJzlzZumgdAQFN71zc5gvwQ1XzR1vmcrVuMUTN52jUOKLuDtmLkhNQiuO0A=','gAAAAABjucUj-iheOZgyRzYAltrT4GAQjEgnWzeCuEzSk4pdyfhv78HE9u6FVJVMusS2fdqRhE4fJHdx31fikwqM8vqqFrsHlA==','gAAAAABjucUjGTziz8oFiv9l-GY6pUASqL28AyaHExjx5EKCszluZPgoQlBBUKkyPxcRb6AypzgqZHj1z-yJ5omWVBuR0rtC8g==','gAAAAABjucUjGoK_HXLqeANfVdD88xgq0Vi3S38Q5uGPN7-e6e9-PfsfHRvnVpbWCtoSxAu07yTdZWNlSiqsnCTsasPyyGDeNw==','gAAAAABjucUjKlSoJOVdlNiXccg4V7rJe-HK9vX1gbU-sMTJF4b6aED8edv29voqGIJ7IWezd0MVjBXVTljj4bDzcXgI3uzfy2a2Z0-8C4EkYc7nJedBS3M=','gAAAAABjucUjbE04JQsWbQJQ9mDcpwO7GeoOBQRCpAnVTXZvDcNlRPiz8-7JnvSSt698q6iqIdIuRVqPe1gJreI4qDdJlmugN42reRyyjBVav2bPJCUTRsmKd3zsi9Z50fS4iG7-FDxG','gAAAAABjucUjsUIMaLAH_sojwnw4OVaJCPPcCAfCbgkYR5AhlwXc2xQVL5t5gduEqHBvCoi348oRE5U-QMVSnMyaDpqCDiD_xQ==','gAAAAABjucUjina33_l-Z7iXYAFukowhT0FcoAqeMXenMOP92dLDls-g3sRikygFTp3wqnWyYb7hUwp5qkY93G75sI6HgqWNuB8zQk6Nqi_2O9LGmxvCMa4=','gAAAAABjucUjpryt1_hr_5dmtJjxresDzaHD0r7IlueVV7zdJTHScOCK14e9PgmkFmT1CcXBhijay-ZS_zrTCVhMXX9S8nzUEaj0KZfFNUQBX-uWWNqO82A=','gAAAAABjucUjoVBTGPw3z50LejqtiXaahNEC5bxgWmAjoX6sLfucBf3ZjnEXLpE4YKEo9P9LMiYvDYPR5QxGLs1Vqh9goVImLVDeth3IOjbFs5G7GRm6zVU=','gAAAAABjucUjl_RSsVGNzooxga5JV9d4P9HZTUYLZXfIFFIb-_jodHPd5aJTk4Q6xJtRBa9tkVviQi5SoSxid_s9m8XmQma2ow==','gAAAAABjucUjUxs1knS9jUKbe9NXc_ND8ezQ8YczN81XhPO-ev-kUjltmLG9BoF5acaIJKoM1Fym3JRe7kVv2pYKD89V20TjSw==','gAAAAABjucUjFRrZ2kj0Yc6fyfFlbQ3pUCL8_OBsw8Pi2Xy-z-J94FrMridEsZmADqjFdJFmor9M9cy8EJbAZoRd4i7wyEeoS_afG4f96517KM5i19jyzkU=','gAAAAABjucUj0eY19LOJwJxPE3xIvGho0w4UbwcEVzP9-fIW3LqVqW_JyfKWiFc8fUg4Sw5QmpWVfrZ6aSfSYgeXKdzerCpEbQ==','gAAAAABjucUj3_S18pZ8OasEQSfzAPUYUCoXCOp-dljkxFMroPafdajw1dBFD_ro7tocpx25-fUKbFfpauyJOhnaUDMP-UvVdQ==','',1,1,1,0),(19,13,'gAAAAABjucVUz-UicE0QejFw-r0C71lr_QnuWHDVNXb6QevtPlIUGe-EFnMchGq_AG7zBhSEUa7PxcCsnO-9nJNtztOhuObOLw==','gAAAAABjucVUiIRTLI8Xvdo2v7iUXVBioWpd-9KiZOyjHSx5faQ0qlDg7kLpYx28XgJ1BT-0BNPps-PYFSgjMv82ZF4iEPFxcA==','','gAAAAABjucVUszKpoK2T6yIOWWtcqGsuTzFyFICwBnu9n1N7y__WJ5UGJ1GnUoPnKv7NLkRf05uRqdiIcHK9gWYkVp-uZpFhdwYvidHooWY4rk5FFhBGCQA=','gAAAAABjucVUj4Xuxh5Ssvt2m6_Gx9AzPXgqfzrTsIJ6Q6FokTAvFli7QtKE1cIoPcPvK159ASlv578UX4iL7muOtwTfJfwtYQ==','gAAAAABjucVU7WCFEFCuQQUfZ4-PdMIGaqFOGfLUMJMny1MyH_nNRxYJlNWT6cwlaU7w1b2M1Cc1GNQ-tjyaYhyKmaJ82nPMeg==','gAAAAABjucVUhTQevc6407GS0fiBeeDoZas3dbE7jvgsuw4szgR7dp7wUusVnIOVfvcqNagzbof6Jf5IFqoasBj1AMkJeZGAKA==','gAAAAABjucVUNyyyFy_OnbZ2ZFrw4OrRTG_LQjvMVMKR_5dYr75R-Ov9kyKRAUgOxYay_PjMFofHu-QVfT-O073eHQS1PoxH6scWQc-4G5oHPmM92PkjEg8=','gAAAAABjucVUU4pGXA1k03gU5ryB2pVP4Bb-1gIWKHLyblP6Ga300Pr6nDvq28y31TM9k2K4NtpIKLRokXAnXjnSWQHRHA4WGoTOlIGuUP4Vc1Os7q0DLi0Lmzz5z_d9zfuxLJ4iCEIt','gAAAAABjucVU88tYl0h_MUWNLS4BkalMfRzTCQkRegE5LvzCk9VYTKa2NlpKCw7I4Otq-DRtUe5CzHUZ08_XY1D2D0KeNZCZkw==','gAAAAABjucVUZaQc9E3woaVDgISTNrFSiBTohfzJnb3-7f_QIo6x6IwZ3W534OfkzLlD7xUIQev4f8xL-YlZC9F6fGrYb5zFoGrhRQZIqIPXuoUwBfcKZyI=','gAAAAABjucVUJVqeyjV1c0m8OpoHbLNeRgoIop-1rITe2oqCpnr6EthDnzDGwT_VH58AGuXAIMhEfdZr1vFp852stMn1praGpA6N3ca7XHY3LrL2J3PLqZE=','gAAAAABjucVUcc9QC0v3YGeeIPKrHz7l7b2C76oUr18db-AbbYegiPmL0poFdipjolB6F7grkGoWWnkePgX9yxH4koqrywzTxr1OOpp93NWOMrrDo3zESZY=','gAAAAABjucVUILVTryB4rq3uVSLicr7n-vbPBa4bGsjMhYxYjX4PPAd9QTfN5vag7ErmeV5qF39haFLz---IeQpM4oj4YAhoFw==','gAAAAABjucVUJ9sDqDgXpYPJtuJfsuBMgdEi7cMFan_LmEyLoiBBx7lSq3DUHQJxx72PXkBVF5VXC9i6D-uWvtN2HhWAYwp51A==','gAAAAABjucVUzpN8-oEeJIRnMRCDNs904uStd6pZE3b6-SsHd3oX3Q6oV1_Y-_LH0FEEIcZWnTdlORCCe1-wc0fdKQSQuM3R0JUks0hhaU2e6PiLHvt-aHw=','gAAAAABjucVU3XfXrszvSbF_fa6UK3P7RdBa1_DD1B7dKPoegFyS_rOw6lZICKH-KZZKMQDWzNPCix939RllV5HP04afKqLM5w==','gAAAAABjucVU_h5-bV78tEyucHoq7Kz7BGsyP_JG22mmxPMlEO7tswqr95086MZGzlaYMpnA9YIvmwoyMp29NkGlL91SSTPsdQ==','',1,1,1,0),(20,13,'gAAAAABjucV9razQmLc5PqQDy2WUAetlQ9oKz9WNsvRDfvslqPUqe583fSSVRAiMfqfB0leR5pT3jLGFuR1ueF_x6pYzmcmojA==','gAAAAABjucV92ZAlkjLMiql1hHi4YIb-5pf8109vcXGINGWyhdhc3mbc7rzleWQOt6jPju2zFZPGsNxjuSo3rr1vCUhiqyU6tQ==','','gAAAAABjucV9d71cuo9W2cCXUms8Leg2ehVwxAWg5i9COOLRlYIK0Lg5pvxJtDq_mx47emc-wX0RYgME3UvZWgnWIOI1X04NGmF8hMB8ot7fBTIizLAwl1Y=','gAAAAABjucV9CQvIknwHYDrFOO_QiXWq3MnBEwdZb9aEfSV8SwzldfusNKeeGSfwnuyqGDJ2Cb-99oH4HT3T9HNcG5NfQruwOQ==','gAAAAABjucV9PEtd44egcjhH4hHlpA7v8I5KxYAOM2KSs1Za_3gCYeetcYrJCdSiVal6n97hF6oP4NEQlOBBN9Spp72ZCps7yw==','gAAAAABjucV9X7cS0hZLYKaS4Sx9X9Jk6VDZKjFsRsktrxpl2kBtw5c1O_42E4HiRF8gCVfywjPYXF1PFc5hXbd4vMjqN4f4Dg==','gAAAAABjucV9T9tAps4CQ_J5VbfpCDMvUh-Kxw91xcx0n4hRaf9dsutubRWJt1r2UFdlTt_7w9Ab3YsLnbqik1wPCpPy1TGTMmw5x2iciWKSkOPdfYKqSHQ=','gAAAAABjucV98OvEadQ-0mKpIMCIeMmhJ0yS-eF25u_pXzwQO0GL4Dn8E8167h-WyO9DDlz6bAuVxVUT4UNNEC61uS3So-b_YhPJzZhkrXA1ZUILNgUq0Yfhmfj_faHg6Vl95IohlwyS','gAAAAABjucV9Br0JK-2NMkkxNx63-8wuhlGHROcLvlz2LdlqFPnIrhnZmWlNMs4wfwqsueNW8hYldl0G7Kr2Tu70S1t0Z60OGQ==','gAAAAABjucV94-q9-Y7jvwXkXtQXLSwUgBmRsIkrEMyPPZz9w35_lXXoQFk6KCE9QsVi5n0hem18QtYk4BHsERMms7mwP0mMb1Y6jJIj7ASNyESTEZ7m_rU=','gAAAAABjucV94NL2C3sT_k1hNiAH2j8jNpnm1PbGuPvFBLhI-HcXTLXhtnNxS54ESXjHVyOuBFfcZxcQywLsMpfrnzj0J7m51i6GmzVR41BfNq5WekkcDzE=','gAAAAABjucV9Hs7e-o0vkxE64NMsEbzEmMGW2cKRD8ZZ7xl8jkfj4UijBovnaHW6QgQdjxKRvjFCmNGZtwvDRSkG0uIUCXq7ltRFIJZU3fN_yCY92J5NJwE=','gAAAAABjucV9jKwFQZgoWmIgIQz6S_ehfQOZ1FBwQc1w-5OJnPod6dVXp4X671tjTc7Q7ttSIxAvTNbU-SyJ4LMns6-1TOxYag==','gAAAAABjucV9jzDUkFVyjNPyQl11-QvcYrtHMrrUOVY70PUZt-Sq8PPHirQOTsQyJbC5qnNjWxmoRzejfP7JO-jNc8VsAzUocw==','gAAAAABjucV9gNaLtYH4TLa5v5v60wVRvin5dr14jYAtMll4P-xYwOJe2NmpS0jWuL4G1lUqzPNv4VpISgKccRb9-3xNV4_9jjHXJ0F5RVPN93FNTvwmJGM=','gAAAAABjucV93vHMAARjfc6VmZI76WDOVKCCczF06x3dyUsIreegwIrBdHvWBOFbtBwFenuqMdB1RLw-Zk5VPcRF8VT6lnOHsw==','gAAAAABjucV9Qd1OHYSR1o-pcg8xtjai_BAx8feyOE0MqjKcQRmknxALoTftPgkcouaOqPMkZzak2LW198dYgHFh_T8glsv-aA==','',1,1,1,0),(21,13,'gAAAAABjucWrxBAxAhs6ba-UocJj37EUSYy14Lya6rC_ANUM6xGZgLXkiMhjGANSGMLC8EPpIPQYdyOrGq81QmvC78ch8_KyNreDbm302xrvDEgsyIDUENM=','gAAAAABjucWr26Sde1MoJFGZ4dSV5OEWc9gOxw6uyfutoAb_DLSwSvdGLVxszcZWF6F0mR5iT-O9G38dg6-7UPl4kAZIGGB95g==','','gAAAAABjucWrjUbQumFaoeqyJbRoSoBrSv5yjH-BPlx7dxUWhmdlJP77NWTd7MjxvbPbVQRftfF8PxvkFOfGQxTdzCTlIIRXVfYS6oSNgxO3OOVGRnNpbrs=','gAAAAABjucWrhkOOtMe_pwVJm46qJl3yHYuWkC1J0_Nxh8Prk0qZqt0Rjq5xg9dp1f_PECDAMBMvkvmyNIb0xnIUNmP69P0UVQ==','gAAAAABjucWrWoeA2wwsZs7VSo5ITyfx0H_-JJDGDJfDI97N2albKe-M-cEBYfG23vktWNbEXHkMs9qiVL9TR71BsGMv-UtqZg==','gAAAAABjucWrHdvanERfQYbEsHcMl7KI8RdETzGREihHh-5X2CqyBZfDF_4FKGa2uDkJPBjJMSRzkwTv6hD6f0S9N8IQIkDwUw==','gAAAAABjucWrc22iEIjKy_wNiuMWl9Q3nk7lJNnDf--oQ4sNK8NeESBDXOMe1vWDNWXaByAdUgAMqC9-m8Ko_92TJ4QBoUgnl1CCv9ynmuUxWV9APUaVnec=','gAAAAABjucWr14g8l7-23lID3wCQ9V9DY8cIcOl0Gqsx7Ms5nyH8uUnoN_Uda3kTFmQYZ0HwOYilyZ1qfSsR2B1CA_2Lvnqm3N24SdDyCSUhfQ1WwGYAs6zokXu7X3xZ5aCSAGTebO6W','gAAAAABjucWrnDHnnpaB5uD6ipFF7t8IQ_aDNmuiwjsmintiVZ0UPVzWmodXu2FY4oam-5iQx5ePCpGXU7jUBZx3kK9lPzw2KA==','gAAAAABjucWr85IfH4OCjAR_ENpSOfJNSoCVjsThQCAa9IuNu6calLytHhW7k9HFhiBENDvXvBxsuDjAmvuMUfG5ZqJai9tZfZGU6ss8CczlK4RZlCWuSFU=','gAAAAABjucWreNawf8h0F_orByRqC8uU3drX1GTktyYsWMuVriacH5mdf-f192pjLkcit0v96nP20rrmcbsm3dQiMEIgracAWJnqHyFsYhNPyn2zx32tDMk=','gAAAAABjucWr4zCkmcVQOTd0b8mFrRlhfh_Ak7-5pB_okXxalB-3VkUeS7PdQsASkyPd__qauL9wYWT0p6y1Ta0gDT4009CdalSRjsxIFOXoN27bu75jsnA=','gAAAAABjucWrdBACl5s3lLBbm5tFo2Y4qfVXt5mblonI77io02r1PDqA4Z9e35Ty25whs2GZ70Nb-lnFL3Ga6299kSlkgclptg==','gAAAAABjucWrfpeohrWBlEL4ioEdPh1xB0jPm2xNqWnlYwqfd9J8m0w29vR0N10Y9_wImUmSZsPljwNJb3h1LFzkrjiCvbpbRw==','gAAAAABjucWrxboUbuaAfNPy6nhTEmtXPQaf3Tl-Z7wBpA3QXx8I-MNR_C3hURakbUQLzXJlHpEqlnYHeArnuFcMwkmLOZSvyAsQwoHZgQKprf6eiSggsR8=','gAAAAABjucWrOAHjLfNOtNCORLYu6r22wAXsycfVv6RWx0GjFT8PIz6MbZkwF-4Ca9itZ5nrl_L85Kq9xzvz6PtYnBeuda-IUQ==','gAAAAABjucWrXHddZi5CDOWWhO0W8aVc2EkM-NqMSaj71ohPt7-0NK4NmuQMdFn_lXWsCfQhS9qxwGlsSM-hY_eVDXcwIItTwQ==','',1,1,1,0),(22,13,'gAAAAABjucXZQ-tiXfLgTSaG8W6hAIttRqHjO-SjlP1Rxr1tJaJbz0HG7stcOPSkrIxrSbcSEjkPjxexxv9dvWpdCiC51y8TwQ==','gAAAAABjucXZ-75fPddFimhMB_vruyPRpBawLN8fjsbpu-N2YahWDMa1rOO6j65QKwdJ9lIhZ3VA4txsMkTfitFhTamfvvgv3g==','gAAAAABjucXZHqRIT0bgK71ClnLZkiRn0Bf6Hvc-suReiqjg_GFly4pJ7oaUCjdG5l0NIzothpCHXgaov7FjtmonHtQvrEVCJg==','gAAAAABjucXZgr5WV7DBqnbdrnv2LDMm1bFUzbSHQn_R6tpzWROGAwy7to8N_f2WvDWScQj7qoZUocDXAitbad_LwChifg0Z7jpRg1agj3cyYHARbNOWhow=','gAAAAABjucXZzkeCrqGJubgR4ibG8cRAhMGX_-BQjpvlWBGeCwbT9bHmUge9ALORPFDc4poYEgSLDru1uHsdc53-ta3uyTuuiw==','gAAAAABjucXZtgozKQyZn-ksNBYLk120C2Ixx2-erXC4EyeGosyXGLXEM3YbchQZJU7xlZZzscD04mzJqRmPLoiF1Ze9ZQdmAA==','gAAAAABjucXZxLTiQjSiXZVR93wXVbjI-6js8N_AX_5-FXbhXFEhQsKMspnuJOK6JTWiDt6phdQtO545-w5CnOusWaG_dl-Wzw==','gAAAAABjucXZHN5zMeqXWFZ9g7tFNnFhcnadth579dUeYgYL9hIcKa2GWWRsk2SYE4I_KrzCYRT4mrDMXj50nwf7VtjN-Js87JTOFwjIoBLft8a27RKYNXA=','gAAAAABjucXZGti7qOUqXMcFUgFHS1ZB4MjRot0p9F8wSmSGoNUFshKURliBdwbl4vcbTPdaCRZ-ye_Qe_gI_evgmnFBHMxNQQcN7NcjKgxjcanyU7bO6fMW4KxQ4zSt2EmLygEtDDXo','gAAAAABjucXZHbR9hV6lazWipkpznSsMhoeyOuhUVFpGDW2CeO6kSADmiaCvjU5u1ZXbBDu_RumbYRHu3FLI9ktwvYMROi_9YA==','gAAAAABjucXZw7jJzvbiLLJfrdtwdxzBLHjQaStOKDdsEO7l8h-rvS5KuMsXh8a8c6SfEzF3xlkIYhHuFd7pIlxcIki9f-m-ShQcsW-5YlIm2DQbBZg-qzE=','gAAAAABjucXZD-tLN8fxyjmtYFrX00CylbhpOhWA4yqv9iM9mnfJoPNjHYl5pPBSqAilQITGu1epNVAtyidmiABu2wjhBsrOgKfXoAmisvEJ3x4E_DKfMZc=','gAAAAABjucXZI14Q0bHJJLdebuMlsC-6KefJnL5qbF5yshAh71nokVpX2wlBBduXscuZ1ayXORCCNpnt6n7lAuf0QCpUA7v3dNF6D_sOfK_muN1AYN1IVqI=','gAAAAABjucXZjQOeFZJDBhZxz_5D4l6Jfd3JZKPNISersISPwsVy1pwYA10xFBNDmb77IdUlxg9JMo0897FLHMwaFt2VOZ-18A==','gAAAAABjucXZvv-9HVMvalS3Sds5T9NyB8MpSQzQ2Nq0nppBsjtbKw-JmBFxD3dNszKQpwn7eNVIVlu6RbfExJk7BfMExEFseA==','gAAAAABjucXZg2cNC8zKptsc3RW4mGil4wJtqAtIvm5WdsoWurbvhIefFZKLm3BF7Svii8KYi7PqTKVXFzT2ctU1LZddaXedFajpB8yKM-VwnCBZT9Olmzw=','gAAAAABjucXZHOaWMLQdWGy6QOZ6by4mgw3OIqVf3gzfeb0X1afFoWD8WJHK_TTtZttK_aJKW4QGdm11hsqLIeUInfeKXp2SLw==','gAAAAABjucXZEi1f0JoWnhmlcoOS22pbWrjCRB5MvFOnWY0HVTM6tI6YHChTosyHfpTDsfb3GFRYkf3Qr7gUk6DD0dUTYdYgpA==','',1,1,1,0),(23,13,'gAAAAABjucYwCEGRmoBhoLlX5vzFmXwynFwgU0sL5wAmArprkK63CH8Dj0zieJuZrvux9I6K_c8AT0RGn2eSSDoLl3IJ97441tjxWehE7wWzQZWtLsZVsi4=','gAAAAABjucYw-3xcEnOPsomRkdnUyDaDKgN6XSg_6Bk0lfwL6KlQuOC7XmyuS0noHvc0bythzPGJkqyWM6IZ08JVitFUqvynBw==','gAAAAABjucYw6NvKGCs-eK4YdFB6L0YY15dLQM81X0bHFox1YJRS1Q4xe2bTCBis91_u_Oi7_LCPNOZ5Gp_tVmDUVfF3mq2hPQ==','gAAAAABjucYwjTpFQtXkuImuwrORzz84PaSaXkI1x1t6AvweRpEX6ghCHjw88SHRZ6x-ofJh7dKkCBbGSsXGG1kxCBBspK2BvqVwsWg_GtfxBOJTKeavGqw=','gAAAAABjucYwyxzp_4vfS4mETx2DMXCrTiQYn1ZTlrIMLWj7hF6_j0dLpeaGym4QywgTdwe3bQwuQ7nrz7ABQnbOlUaH9iJAfw==','gAAAAABjucYwquMaYcNC1EbrYgKQ13cuDYX-jf8JZ_GC9mdIkCjhvB0toeX442EJkDBKhaVJJjnQEyH65yDi2Va7jzcApc5xfA==','gAAAAABjucYw93g13iKYilQgT8OB9IrVeE4qQBD4hyqKoosOVFPUgVAJFWjn6Bvo9CXO5XNlrGE_DyxROXRWYzU0RzNyLvJYcA==','gAAAAABjucYwvsEp6BrHO7nlTZ0097rwl5NJi-tJY9EHaIdBC21tc2LgCj1V91AiUd2QBHfGhSHlLlErA1ouEIiab2qZsElOhcm5O47mtYWl4jJqBY48MBQ=','gAAAAABjucYwXFILcrLqKd6Bxa5DZwb2SRNmLPsJ182htKMJ9bD_0_ehgaBSBq70QmFYyufrMoSOJkYSVwEImbIM5HL3Hgmd6LDkhzSNhU87WKCoOcflqK6WV7ggY6J_uIM2OPq2OjBF','gAAAAABjucYwAT00RgpBafrxXp2eHRVckOXMjq4IfmkX0cbAMeiJdnr0CptYnzrOOpil3S9RsdxksuIu7nrE9-3sir32fPzx6A==','gAAAAABjucYwPichgSEbn_ZSZ9o6tckkmzQchcxJFury9kCmoyW2sRu4ecIQUNbuuaxKtZuH2l9MSYMeF58ddbdDQop_mfgSyA==','gAAAAABjucYwgBXH-3BBBIh_MP73RRgATAvHEfYA1oFuUPCAw84Cg97KaQL0FlaIQrsii4lh79xuePis8o_WbPvAMjQOZ0nBIAQ9g4e4PIFN-rFVwmv7utw=','','gAAAAABjucYw1f1Zimn0YPJK2ovK5sP8bDGM5T3F6U7RWA4WxM-nbNZs0TQDuncbMU-dL3s5MiiW4Fwgz6cF4SaqEwFqt_NIYQ==','gAAAAABjucYwG2z402YNwnDPX0atzTuE2vK-fbn5Iq_ddw7VgSFlKwg5RkQHToIEeFtb_8Agq9fq950tMDA4_b3L4o21PvjFEw==','','','','',1,1,1,0),(24,13,'gAAAAABjucb8Jd5lGV-DfWIRIpYhesbQC5nP7C-nd9cgMIyoV8IJjU2quLy_rKx4c3jmIyp33hnhOGEb8yD3Gv3ZCoKjIzm-66Js81I8mXYExe9BtXj_Vdw=','gAAAAABjucb8W5wKauqL7Q5OHEl9WvNJpv5B1fgzPMGnqIyDOOS7WzHtWvhcucmYFBv6zFPiGjwayfQO-etzB7VtLXnrYoYKiQ==','gAAAAABjucb8Oinb79QK_1rrDplCL-c2UqZXpd33SeuDH4U5-WUGFax8nliYbxitqH5iTGCxScFrsog5_JrgQ5FFEbHKlE1IDQ==','gAAAAABjucb8O2jTZM1KYGYgv9Mi2jl2rmk0TT-T28jDIbiiboly-cOXssZgMUt0H401IijmY2AxuIuehZit8xVU6Q4NTrRY8MnHrSWHB0O3UiHX0PqasyA=','gAAAAABjucb8N_Aj8DW1249hVgZ_mYIXqTztg8HCd4PgwHT6GzQ05FzekMTd6k3CWGS6YbfaZgBkbv45MqcgziUUhvhxLOUfcg==','gAAAAABjucb82ZZ-CpnxZFW-hyl3bc4Ozf2XJlq3-W_J2JDG5z_7uHKnYmjBtdsgAejNcaCwDuGk0eQlTbb9Cb2ZURk4_EHXhA==','gAAAAABjucb8BTGS71lT7q0Us1RPnQEF-XLsZMD-3YQsgc0eCTUYRIzDAfuVg1cyY3lVVYLU6Z1TKQ4InKZcCtm-Oc76NDxCDQ==','gAAAAABjucb8METW8SADgfZ1viQ5ck2VYnG8dIsmAtLY3EI2N7LGo8A7fG5W_jtK9SZoKHlvHignc0eZJPi5t8pP2EdbfjSLCRE1I677bMEywqcqKa3Bz1I=','gAAAAABjucb8YYjL7-A-FEb8a8BCxNxV0wzQO2COhJLexbAQLPoHVqhdp9WV7iSRO3hNOGNTLVlGFPPKkBDd_k2-hRBEAzE161N_jOPh_55BNEU2uxP787UvipckWm-4SrrKqvTAJWZV','gAAAAABjucb8_PLSQNG8DysusGsbKMBYpV19F88aZzC0w7rugu4yqhaWPDAz5MTQX4dBoqXFp0EN6SYiXO0PMMjrYuLCZ4v4zA==','','','','','','','','','',1,0,1,0),(25,13,'gAAAAABjuccNZNj4H7FJEjKkSSUhX-Y1vHvrir4i3CL3iMTiPANqI6A4j3Bffa2OQu3e67d5trTIFHk_b6o0Yls1Yyg6sVpNCnutxAr_DI9IeUMznbxqz2o=','gAAAAABjuccN_nAclefxqoOVDY0wT7YbMRxGXQUq_UY7wta8hOs3zGJ8NW9YtYQwdkGcai3iF5dc_n86Fnk5mYzpH5AqoYVlYQ==','gAAAAABjuccNjsekajNH-iHjAF4Gr11TQa-VBusU9ZFZ1hdY3WlWVs2bTfu95HCZHYMg_txTI_te49USCWumc4WkuRHydX8afA==','gAAAAABjuccNUgRWfuC-gZhbw2plsl0cBvx1-plMlBOtRYTxnzCM_cyR8jvMIDBx3-0LriKGNX3yiZqkdw5jbFVIdQo_hzNGzPGANxw__ol-zGXD7b_-XmU=','gAAAAABjuccNh7KJ_-itR9fELzIf1zeIspZfIeTc_0ZHsUjrmqkmJZZi0DK1SvBEPDhyP8tVgZcRFxrcQld3Lu8tYQatPXPguA==','gAAAAABjuccNkuGOEgF5bXz8zvVaqwYLKuIS6H9YaPiKUpy0WInAht2d4GcZ53oN5Igg-JxNpi-6Wv9iJdy5rOspphe5OgS8Vw==','gAAAAABjuccN-_8-q98SCagWfiybKemqQoOXv-7eSzE4aiWJHCeKX6psonmrDCErCZwsf3r7A1boeOXTpzdOvZbNYFdanT7qMg==','gAAAAABjuccNL3FtLKowMTx2eE7S2dhVm74gaTQzIqaLVp_KZcRGfrXgYRigDkf4IW0uw6klkO4S6LrmKetXqtBKCy0ftYlDSqIoZv6Yf91L0d8EDCxsRf8=','gAAAAABjuccNgYYbyJsfifE25HJvbG8-RASZlnB3wMNcfkKO4_3W1nj2bHxwZixU7O0U54FfhTtP4fI3Nx7Pjn0beoEi3umeRL6I6h3JCRl8J5FJ8FkT3zNKLVB0j3dsKh8Q9o908KTX','gAAAAABjuccNVshoBmSY3JSejT2AOrJV7kCxHFP_xEkqBn9ppbqMUquRobWmkJjQ1Z2sJhoBaU2sJFCye8dm_5uDzOerzuYBJA==','','','','','','','','','',1,0,1,0),(26,13,'gAAAAABjucc81EWKQHQoMVV__3WjxtNFqP-ucIxbINK1acvzie_wAjztxW0c3lSURmJpwhXu4wcgIiJBivUWv1s7r_-NKIStXw==','','','gAAAAABjucc8PeHpiMPKBjLFfb8SlMe8sPNEH1-Gf6XLIl1orgbXO-OYXDjLINOhhILCWjbOp5U-ZifBhv6hj8LN-BTU3J8RGg==','gAAAAABjucc8J1ka-v_7czgk5NYUznNvWzGAJY_Svm_n9XJksNhfF5HBZ9Ywkxxew2vJuXkwDYNC6_wiNbHWHq7WwfFgraONYQ==','gAAAAABjucc8Tot9hrANfmelRpG0Ap66QPmEOFyVwFFgUUD5STlRJ73o7KGCFKbprMYNY_doA1-XbO240zP5fGPEjbBHVuerTQ==','gAAAAABjucc80P6XmrLbmO-Vglhsv_bvso8IDpeRyz7b7ZlwCBekzzZ3mSjy-_qfR5SkRR0bHa6itT5X4wI1fyQShKufldusyA==','gAAAAABjucc86dFBVZfO82i7b8bjlFGa-CMCiPNrosDwxpkRP60kPMo-4aiLJQjtP7Jd_nBXQFPumGSZjxLcmtbnfa4RNFEcV_V1sISeR7SmxgcVNSRn7f0=','','','','','','','','','','','',1,0,1,0),(27,13,'gAAAAABjucf2a7-vT-M63XOPsxwY2TdZjBYYy6FsPMiu_-NtjO_7y_1nmprhN0wwKA4EAvzYaRr3yHz7cnrU4TCcBwIds7UA4KbmPTwUCNXckl937FHcID0=','','','gAAAAABjucf2f6GsizrLfEkdsefFOQus329XLn3gzlO6cf2n5FlJtAHz7GpIXiXcc-oMKFoJnOUTP4RZnE-yQOFaYceHlnLDDg==','gAAAAABjucf2Hn_nhncsZNN6iOgqvDkz0FSAR7V2TEoRFdrYu3kF6b04Nz7D_9UiZf-WaOZBoffNk5KW9KQe5B_RnjJC-krpLg==','gAAAAABjucf2nkVYgworqkUNXf0U8Lw6pToCoNEEgRBwKP5CjWDYLy8nvlERIS-WnPNsAjXDfQbXkJbC9J8xh_0YoDyUytXnEA==','gAAAAABjucf2AnJEu_jCXv37dP9B4ProglNepuHh4scUFO2Q_lkmKBO28g2h88A3lLKEAST5iPRfd5hEEfaSXx5ZsGW2JBOfSw==','gAAAAABjucf2VZrtysHiL2JOf11kSWSLDH3Rx0x3T8JKP9C5mgd-tKpbQvE_mNHPFEigTHdZX-5Iy4AgKXMeFuVXFiE6Nalfn8Ju9yRAwJNWQcfkJD3ydNc=','','','','','','','','','','','',1,0,1,0),(28,13,'gAAAAABjucgPtgMwtRUhjL_-8UEqWejQtcapR6b60Ca2PlSq6jC_ktXjhY1pVvCmcpxrZfPg2xoMaNUW4TaCQBGGu0pUXVe9XO0KKPQ7jiYeM6Uq-XLtW-U=','gAAAAABjucgPPFZlJnKXd38jybxMy3tySCgYjyhrdZMLmJRLr5DcgiyzGIWKUKz4Cug1btHHJpID2wgzLpJbxXLO3ZSOR4YIfA==','gAAAAABjucgPf1dgAe9ymDWOAJuQNzkJvH2Qb321eR9NZ9yk-EO38s0hoEud0Zam0oi-SV9aZC9eKrvsIA5KWrwUZ_j_g0r3BA==','gAAAAABjucgPm9elGUk8H8x-xYNyIUA7_LTB85JoK0NieCTq_IRmcan0Sk3S7_GXtFc1-46vbvVMz8yjq3cs9OCG9cE40VKpkg==','gAAAAABjucgPxujH3kXINo0lKihN4mI05r_NhiI98stBSEPNTGKMczS_CEVvrQHEGvPzSzCwfpw9KWzFi0nG9z5jh3TcoPa6UQ==','gAAAAABjucgPVl5rzmpokc5DzmtlHPyLqWAobXfWf4ZTlZtC4ieCsofa8HP65dhhwKnejWprfEf-O7EmBtmWsJMMUjmU4TapuQ==','gAAAAABjucgPpRJ3sbYjmZE4iPp0gJMaMkvBUdregmB8WFVe2sPQSOG1DwCcgKnxVW6cNLr-LBcfDd5vRhYjD8WoB_74jxzBNA==','gAAAAABjucgPOxma2k-TJYoxuFvRMr0us50GsC1txBHYr0XQLwSlVzF5chABaIr5EhKgp4ImLpm6txSN2_VlMXpeJemfMYLGZtyid53UMuzmTly7Jk7qudc=','gAAAAABjucgPChMULt527XCyjkZs0_QMAstruR1ZsXy0L5U4cxLYT31N-KDaXgQTq95z8f2qrjqt86BPOOdt0_CdlqhnpBeKhLsaMnRWU7B9wGWAe6htsF4=','gAAAAABjucgPXbgGpMtc4XhjfL_lrURzITL6dYHPAsJUo7vdMwHYz0ky2tB1_SNchCuYzU7QuYergXdKNkCphQHpk01fIYbSGg==','gAAAAABjucgPg40XD_A_F9lpBWG3ACIZVAnvV7jkhwIgogpAaXNbQBNx2UZCTzCV8recdyOpp1JmMUkBpyo1oyaVg8hEP1rcnA==','gAAAAABjucgP4msAnDsVABtYPDnsDSWhgwoezWu6g3IWyj_qe9ZorDThA6BEOL6I0UzdWxQ2qUIn8S5UAUHmxHWo9DsD_YHgi5BbBwyZ0cGpDQ_i7jqOqrI=','','','','','','','',1,0,1,0),(29,13,'gAAAAABjucguPtDgJXnWLlqIv7V16h7G_TzffVyVxZwPw8w5wp_NxnIZq9lIImGXsHXhEqYjrzlvXzLYhgHAT5aTP4-eUAiQ9w==','','','gAAAAABjucguxwXcZ6vk_Cl7rE99-PBoLU3t8cgkm8_3SayY3LPbETLOE-z4ZqU_3gzFpZL4q1Q4h5SPUOuCyAFOwcwQVIjCrQ==','gAAAAABjucgukp3HpCEcZdWNNy2NH3kFM2nxMPQl9BTFIHbq1IPSNQVkSm43g69Cu1g5vWKEghbknQswU5jeLAv7ww_oJQ-j0Q==','gAAAAABjucguLo2YgSaHJY5XNWKFhrQQUCHyJo0zDoHTJLzZtlspYsHLyNsibyaFs5OxEu5JG5OuXo5Z8F37OLn2kNJ5BBLNWA==','gAAAAABjucguwT4Vs_ZPUD0rNoNO_6sHrtR6VLn-BAHh6J7JXFzEzAcFxKuCozE6Rq1Q3xIR9NfxN8lyxj4IAIn0b0hrUh7lsQ==','gAAAAABjucguDZ36bscI-G7RAbCFQrzGbNrsI0MWwtyJGmAome-RsXeeX8-LvshJy9NpRO7KehYF3ag-ZAVSbKXLwKOSJlNzKdXPwcTBzjj9MRVpCQX8g30=','','','','','','','','','','','',1,0,1,0),(30,13,'gAAAAABjuchbAiVUoVjwU6VVRnUmsIjwIdrV7-h-cqB5tg7ADv9EYO7Co41ReqGCDzNZfQV2OfL_KKCKZrcDQlGwqBEo1As-8Q==','gAAAAABjuchbE2YbDZM5rUm-F5lUYdyIEoj13SCyPRVNEOApYbArSgpkB38EHKHsQyBSXHkzuxKNRe1ekCcN-DfMt6M6UZisjA==','gAAAAABjuchbjEkaACq9r7ZDRqEdtuvvlz2reTfwv41Fy8zPcSHb2xzRPuqSSaW1sneAiFZjBQ9uTPlWT830hTPl0l32cUBtRg==','gAAAAABjuchb8y0bnIfEihsJwOc878YYpTOppfMWvEsDKbvW2frsj2-UMslC4TF4Xm9nKJaGn-XwkAd_Ck17AVVsnSr_OdVVOw==','gAAAAABjuchb5amV345eGRpQA96SzxmV0zAsAluTmi6ToWgbRkczAYDUjv3aGqvLGBurYTwLdImKeeRhtQAEi7YaKpX9PURDNA==','gAAAAABjuchbKiuM3PJS-Vfl1PBy0HsJMuPUY-kquseHM5v-Xmun2GuYWD9CXVjar4XjxQ5h4gfs5oFnQ1qXluvTu3EY2E24BA==','gAAAAABjuchb-tbZMrFROWBVfuRB_Zb-VFNs_hgYTeMD5HXe6TLoLL22Vk4JSU8xXPX_-9ZrN9DShp1vOmagH9Kou71VDh5Myg==','gAAAAABjuchbdk748HFUQI0M0LoaEgsIExrLaUJAEmEm_uR0ZKVaMmtxpInr2_BuqlB6f8O2JPEPXKnawo5aDX-8RLML84OAs5xh29HKSvK2AMVtiAJzIuk=','','','gAAAAABjuchbaNMYoINdaQEN0AxsfVnSGbjidITbf_stbmjloBRsmF_hgSJxWWVHMo98PbQNfA1x19NgbXdbeWZjgxySDOPad4YK18ZL7ZYjg8otn1ohutQ=','gAAAAABjuchbperKJgdStTjX5cetSg6Om-BWKfznIyKLmUM1yxmUWqm5SkWdusbntnXPLe2U7W3sliv81UdC02ws9v5isuQD_okKwhue2vRGsfCMcOyCqJA=','','','','','','','',1,0,1,0),(31,13,'gAAAAABjuciWi1LGpGvDHWExxA41q6E9Ry0LoDCVpC44n-SV4IXPyMbv5gKBH6oBCE1DkCSk5r0yzuKl26Wl2lUYsa25M8AqR_3AColCYxaLmE0tsOCMwv4=','','','gAAAAABjuciWeoC2jD1zE0517MPnyqMrm2WMjdFZjucIt8NaSt9-Zdk1XKZByiGvvul6gnCtIay4t8ee9dk2VW40Mi-Lwq4jew==','gAAAAABjuciWbn_eExTGv1RbmtaHK_LsQL3PTwm_9tUmvJeYeayR17CRjIZzPyZ2pKwHabTQTPiooUSNhKKBDUZhcPOF5iwjJw==','gAAAAABjuciW3QIeyWDYOPEjogbzfVYRHozx2JGBmYYiwOk-Z288NzlUdvY5T_5uJ5sWJX1UK3pqCXwNY7Fky1HReHGsjBvJIA==','gAAAAABjuciW223GrylrvnmgP723HEC4sRTKczb9Bw_cd-_qGSSo0waZwO1uPJqON7l35PnvS-Vf8icmFbCwn-bORaMTkqO0QQ==','gAAAAABjuciWo7zmctN5ct0XJ7qvonAw5_qjv7UqSRBm4QCqhWTbdk75o3X5CGT4yCWHIH8qVxgCJ5PAbZqpHYKr7joSx7-cVabyljRoxosTy7G5OzVojYU=','','','gAAAAABjuciWFgma9iZ8UwkbkieXfvUoxRwmvgJCcE4XFsy1VK1Yx2Wh4iPoYN9PkJsk_EDV20f4StTBLtM-4L38OrBhCYrg0aXH7CCrtlSS9naC57HjGEY=','gAAAAABjuciWXlm--tuxhbAzFZHRGKxk0IqqJAWJ9XxuqCeJrkWTjnevBa2XRI2IAZSxiRJvG2ckzE56_FEL1OHKdDGRVc5O7QdAtv9LsWqhXuzfzQKtOH4=','','','','','','','',1,0,1,0),(32,13,'gAAAAABjuci4JyIK7zy5m7u6Vvmwpk3Vk21r3-K06iMRjpXJKNuV4G0Y5kcJdwdc_E5LVPaxqclDATpA4qKM_DMm5fuBOVyk04jDfmGwnwPdO4H3uUc1t7s=','','','gAAAAABjuci46rH4V5OtN42ZOItPXzRBQq3NR9sYb7U96AUtQHH5VMf_ZYn_f5oGkGLQWr0ifmDxexmpbpjo_fjxsHAmQy1lZXl7NnjBguWbkxQIRR9edbg=','gAAAAABjuci4qbrfVqL6H_WlMsf8QdIf1lNBSi4BpPPwCtA5gxYCJMSjMfRKEQCZ8uVV-VHFju0aOQG5RUA2xoTu6bUKnMhq3g==','gAAAAABjuci4-DZR4Iw_ultWQnjy6D6QhGUDQhjgm8nSG74v91DekFGz4y5FWfWiUnh2uTMeHJ1QETaJrxvs7pS4S3rhHlY5RrbHEYQGJEoGGq8XgyZn4Kw=','gAAAAABjuci4d4dIzD2hk-ewdf1LrnaOlM4jIatuZJbaonSFB2MKlsZ4j7PiJ5cBasdBu2t8PPwuA71j_sVeBfBOloTjUcu7Zg==','gAAAAABjuci4XdrL6vaMMvS8RE1EGG80gGpdxOy7NxVag0egz6cPN_iXjUzfRea3Ive6igDr7u0ZpiwUZ9-PZROiBqU0n8tXC8aeuEfqKHSqVkFeyoQOGuU=','','','','','','','','','','','',1,0,1,0),(33,13,'gAAAAABjucjgBXeJNwF-dT57empnf4np30RZNbT0PARZFOO1TkfwIq4t0X418Li5sdfu0QhTiLfaQD5YAgt3IlyxM3_ndNujtTJXW5IGMV6__PBOKHfwATE=','','','gAAAAABjucjgoJ_AVM4b-U7arHDptSUjyb_TR3rY6uluGuiKrPAcZASf5FvHqV6KV1IUKmyVLbJPEoXMs9TTq0X5D4mW8x4oSA==','gAAAAABjucjgPlV3gNCP8VkV8PtaTjC4bXK51gmliD3-tTa7Gxse0NsKnv_Mn2sjQWD0LG_A679zhte4lZGmcG4uBI0SuZ58Ag==','gAAAAABjucjg7qUHlR26bXVgyIWk3Cq5avi98XBMamMbRWS-W7pDwhNMRxFiiBarE69LobeBCgc8RYFHzInSJJC9tUwaniY-pA==','gAAAAABjucjgLjSb2rFweIfFGnS76jsrvlOXSNh6JAlkMYv7Ej5bWM3tCveDpPSIsTqbIiLuYCPzhZqF9hOPEhCRJXDzXixlJg==','gAAAAABjucjgRoRwywuno7mF40dPEejx60kTkbzXEGPqSj_0xDq4vl_rwSBBYcYNSkA-mltikhIw08MAS-uAwrfnNX7Ud-ZkTOIWSEgmcbicrVUKMf17jfw=','','','gAAAAABjucjgbGrz8Yie_2CLger12ydbZL5VDXcMisfM2QG8wyzExQc6FLPoQhXk3FTUyCgJ3mI1jpJJFGLNHKui2BXpGEysKUbaVA6WXcRllsg8SyDarFA=','gAAAAABjucjgXprHSyrhEoq77IrIeO0RA75CAZ_e7QvniVNQEA4oUywM-KoWziZt7lbxcW115l9K2_ATGXg4OBCTbDm4cmOiMCZA5ov45Jk2NUWbM2a5Ijg=','','','','','','','',1,0,1,0),(34,13,'gAAAAABjucj0wqTuPoSEBQvThf7nA2Aw0TIaO8NKx3UD1Pg3gTE6n8qTa8BchvosfytVDcqe792weCUSJQo0487ybIfRINuBaA==','gAAAAABjucj0C1-e46ZYcoe4gOi11TKfYvzCrhe23HrZCFY8D2KvschjWc5cUXDN1uNDY7tK3Ejs_YwCYzGSIjrwYgfcRROmwQ==','gAAAAABjucj0dhOFlUQjBZ8CWXnJyodfKURwfevf_v7XY-L6ZjSJkhn3rU4zdiJWgFOOvI0j8lA3N3BZwvBLJ0Pl37Izmb9D_Q==','','gAAAAABjucj0xuWQ8sjP09eOCj3lxAaYU5BU-Xr7rAgrvDE2hYtSP6f3OtI_EOaysq05gHKUzbvXRuHGJIppzji8ST0Yag0P6w==','gAAAAABjucj04SuN93s6D5HQqApdAvBsTLMSJ0wrHf0uhASOMXbvzYvBuLQTHTebbBN0GMGstXfBFnGoXsrJ3z7kd4yx2iwUSx70Ar8gZu6WKtFQCxm53XM=','gAAAAABjucj0uRNnjwtsg8i0squT9yxSTsdWmBpS_9gXogK8-deURDiMonSN5lzfDYlYq__CkSf2hXRstRp4o0rPfMWWcT-jjQ==','gAAAAABjucj0yyXV_ip6FigFxS7jGSMnJKZyNUOmUqB9ebr3vy-BGUpj-rxWZmlkKIi9I_pUtX5k6u7FL014F4JCRWJDw79d3InHYYjKSes5kCxfESTZSzc=','','','','','','','','','','','',1,0,1,0),(35,13,'gAAAAABjuckKQ3Ma4g7DJtfCZ069AcOLskZmRkeigsw7b7vN5kDO9PnSn-aWLQ9ahGysS2ho3YUOAqjLqDD5ARRsmg1Fh88o5g==','','','','','','','gAAAAABjuckKT4a0Nzo0gXOo4P5CG_MT3WMhWU4aNPzf1K52YOtLti6Y3yC4etnnXNtTP7ZF-RggBOImSSMCNhDtJiEbwKkjbmiXGPdY3Vg3ezCpIyVlpw0=','','','gAAAAABjuckK9m--OYi-Y3vNoNDGipBTUN8216u_HdgBuTgqJLE14qC6da4qgBuZ1NoANDVgH16juDXgYXVG-os6ZaSF77mY6pCYoO5aZ8sU2CtyrFk5nSw=','','','','','','','','',1,0,1,0),(36,13,'gAAAAABjuckmoT5Y3r0FYhkBmcqJDUSfgm2NXBanwuf6d018KPBQq3u7k8Vl6QYh990zOAD4K6sCE6-mp0Er3qM6eYgHIZNWSQ==','gAAAAABjuckmvCDC8k4M9rgMk-NxOWZy94DHgK7UyIKQgVVDyuVi8XIUS1DqV5ZeY-gBkRHXuJuiZWH_HluGIX0CvN6U0luogQ==','gAAAAABjuckmvDyNDDpSKe9wIsp_lq-wAuzmBr10Z8HdtLqxW0htC0qGNgaK3gN6_JKQjAQawGsL43K-aXubTqrhuRIlQhKlSg==','gAAAAABjuckmaLwESxuVYRQYuPHKgvunA-zZiF0zrClKrWJPQsHVo369iaMa3LIFG7Hyb2W8sJv5Zx6XnSFt9KU6zbzz3HJy0g==','gAAAAABjuckm7otjA4887BItDzbMXzesGsGSI-B1tkFJd0wOs39DlwHGV8Pp24HYBkRqX1c1zNfJbfDkdXwIFiEnj9HFOqKyww==','gAAAAABjuckmKDuSVGUzIkc_AjiuBzeFiTOeVAlf5P8VqXa6B2ghDIXpT-NTDCm6zfPKSuszx2hQuJJdnHWkBGrgU-t12R5PcA==','gAAAAABjuckmk71WSBG_EDFjRNYtf277nWCLxUJfS4FCLEUWR3knMekxRkSC2DYbNJWE5-voqu8xyKnVML-sU-DAlzzC-tcy4A==','gAAAAABjuckmQiAFwrkqp-UsWbzZ6FZKQsTIK8-yq4juvuc9RCLfkA0Da2vUJgDsWL3WES3cqX8k-azDBOliinjbGPJ0PxnpxQz1mWXlQyuaFgbRg7BzYdA=','gAAAAABjuckm57-bXpKdlSLf-I7oEYmLMZwg5KcQd2jx0oNjQ4oD2Xehbd1nS8MNfz4ZV6zZCoZ1fe2SGPpT-NPfhSmAG0tqrSAl2v_gVC0Ux-7jW_AqXinF30EcgoPpOLHLZjeHhW7M','gAAAAABjuckmT5c7HjAv_cbxlyHr7_QkK6syXfeTJhNX2O25jc9NJY9YZ1dZj29MhNLS4T5htHH6D4lne0aLb-CQgpk59TwBnQ==','gAAAAABjuckmBq4yOuONZiAnyAxGTTboV7WPWSW6sZf6VgxKFnB1b0Jp4YoY2Fk3Czwu74VimyfcYh-q59ctNaxYPw_3HTG1X9pCUnC098K-jGg1tp8MOuQ=','gAAAAABjuckm9gXYO-Yprpz9tEboisQxr-QLr3xyMypnRUyITmOj_XuWYwLfFMCKgEh6agmeLqwPbaH1SD1pQtE_YI4ib31r8Jd0xyjVuqf0voxFpquc3dQ=','','','','','','','',1,0,1,0),(37,13,'gAAAAABjuck13Dac4Qi6BX8OPsOolczfKgtP7jptCuN-dL7Ra4CX0T7ToYXkokC-KYFke3frLcytBZFD2gmiKNpNwlboS-_vQQ==','gAAAAABjuck1RQYRQ8HUj_hWPwIjRObDO6XdoOeiVjOkixi4b-ZrCWVq5JSihU3hr1PPoOXeKR7v2UWfiWwtdR5Y3RM-es1Dig==','gAAAAABjuck15UnMk3YQRvII-XYQKUZEPFZxnI32OgRRxxGX7Ca0_w9OFsSKUaDP-N21AsUxh6hYukTUKll79SKS5LbwANlARA==','gAAAAABjuck1ceBxEVlr0u-gAJ8W994kepwU0UwZ5HNi5WdVHqy_JnUTw9YYY7cBGqRrX8VirfWaCdXfN3lftxfxHydISYrKYA==','gAAAAABjuck1X-ONmJxuuP17PrkdzBPV0uca4Dz4w5V1ZfRlhq5kQ8rOxx6pALS0n5_UP0im9osgt0p35uxXOpPFTo3NxA-Z0Q==','gAAAAABjuck1rJTBSgt1Pla3AUAIe7CBehqDVR0j4uWG0v3X9wTvcBhfer20JTN90-r9SJxgxHzkvXhjbGdArJl7noaKGZZKIg==','gAAAAABjuck18-CR1r6-_X0tOC2exv48rua9Xt3i-cHkH6v8O__VEyf2HwHw4EjZEugkKBsGO3O2UXny_9kBrekJNe7eFZV7Wg==','gAAAAABjuck1jsBRt_SXb93ob4QTzpeWGhA4I9I_O6gx0rLop-gmQ0HJDYZObCuanhkapTwPD8QKK-KRghpmmy55YnV-iThjN1k3eskHm6fPqMcdOohdFR4=','gAAAAABjuck1DoXxHUbaX6Lh-CF8XfW4YU85j6hDjWohje5HzoIENt63zJhqZCfR5qsyqaqh3G5qwYnkOGD3xOBXu_X4SLyLTqYNm86R9r0isaCf3oe9OdItuu3TjtfUvgr4aCx0Pc40','gAAAAABjuck1gz2TDG4q_-21bOS2ETlT91l7auGTXWnOphc1ighauAtZGr046g9Wmtwt767DigfKRLwnrpFkHwinId44BwftCw==','','','','','','','','','',1,0,1,0);
/*!40000 ALTER TABLE `firmy` ENABLE KEYS */;
UNLOCK TABLES;

--
-- Table structure for table `polozky`
--

DROP TABLE IF EXISTS `polozky`;
/*!40101 SET @saved_cs_client     = @@character_set_client */;
/*!50503 SET character_set_client = utf8mb4 */;
CREATE TABLE `polozky` (
  `id` int NOT NULL AUTO_INCREMENT,
  `user_id` int NOT NULL,
  `faktura_id` int NOT NULL,
  `dodavka` tinytext NOT NULL,
  `dph` tinytext NOT NULL,
  `pocet` tinytext NOT NULL,
  `cena` tinytext NOT NULL,
  PRIMARY KEY (`id`)
) ENGINE=InnoDB AUTO_INCREMENT=19 DEFAULT CHARSET=utf8mb4 COLLATE=utf8mb4_0900_ai_ci;
/*!40101 SET character_set_client = @saved_cs_client */;

--
-- Dumping data for table `polozky`
--

LOCK TABLES `polozky` WRITE;
/*!40000 ALTER TABLE `polozky` DISABLE KEYS */;
INSERT INTO `polozky` VALUES (2,1,2,'gAAAAABjtZIU4wiOEtnohyI0HPF2b6ooVx1SFYsWCXv1U_MUIw8JKKnQY6keZlEFVGfXDzrgb3Wll_wplIuIa4xvoBfCMtloEg==','gAAAAABjtZIUllxkGn5ZsFDUldmxC1vE6Bbg-uOc-H-gP6_xlmgxijhK3igHH8lcdbuB_xBae99SWZTfNrVtJfrIldfrVhGzCQ==','gAAAAABjtZIUosYQNaNplPpgH20bTtK40tT2Gzl1SfT00TW4KhbvNpvangPpLBeeh7jCYOziaGXLozKtLv5-adGhQpOFh0LJKw==','gAAAAABjtZIUVbWsPcOFY3N1iFSX5qEoKuNfmbXT9QCU_tJkljePDFloWOWj1GR7DNKPvHOyiDIPbOjjChAZI5CEYwJpsuBlag=='),(3,1,3,'gAAAAABjtZSx8L_6vuWO0uzVlhwhrp8GztNymqPe-8XTcQISgUwoOLagBf-PbvQl86PrwnNKTPF_WM4fDlLSjGmgosP-ieid2A==','gAAAAABjtZSxk6jpe89BxV_EKLO9E_8Ua8kPMSLPEy0S5CNbMN7yFMThd1lyFMZ84_hrrTX3Evk1oRlpX4hjatXtniuk6idfkQ==','gAAAAABjtZSxc-1vofw0QveLPwQVpgkjiQ6_mC9sa1T2K9ayF5OXQWhqWU4AzsEWx5CcdTShBkUVs7AkTE-xy6K32scqy3K9KA==','gAAAAABjtZSxCOHPUF6LMNeCqwEzghQhb7GSbQQqyl38tIJwen9hvt8nxC6xVVvBzaoGM5Ef1CwYjeEHwpqSquTA6Oxm0L5_Ag=='),(4,1,4,'gAAAAABjtZTTMzZgRSePGQgT0t-_FKkhS4lmDVCdfKoGFDgXWjDJiKG8suxBxw97TOpgrUg4meOK4T3mUIMEYMCm7VZisBpAwA==','gAAAAABjtZTTxFeGzmpo_U_FYflk6iYKuzHtdu82AfNKsfRoMrZrOd3DjidvjwYP5mTzcO4BLw0IY4s28N7EFirtiRLdRXxPHw==','gAAAAABjtZTTF5NyIfGf4kXdYzdu1Z43QSnr1GCy4Od0IgQ3jSbcexwvVnqeQB6rOtqHALVeIDgda6_QOoyTI9kuodhq2ajEdw==','gAAAAABjtZTTr5hM6TGqMZxOiuxh31xjVei1I7GzQRB1z0yZJ4QJrkyDJrcwHkKX97CD-xltVTc6XxhAzq7oDON7Ci2sbhLhqA=='),(5,1,4,'gAAAAABjtZTTaSVwgMgZB-BHnpDszi-G2kEpcH0fkyAHkOmOJPoys8kwQlUVP2jJ9mYLmZmrj4XI0xPdC3_nrwv474YS0pHEJg==','gAAAAABjtZTTACM5uxZAUVPYGazPCGl3ReqZRk95WDSXyVhpYTnJMGYd_fIazDAC3prD2On3-YjJnRML0Y6ngQFU-zirYsQW-Q==','gAAAAABjtZTTv4aBrvNGQHcrLalEFXGLr4DlRTW2aIvttX-70AikGbbtIC_EDGu-hkIa69qdf27jMSKeF6-YxZjgOBqG7PI7Ow==','gAAAAABjtZTTNIppJSG-2ENe2mkrkv1YJotFrh4IDkRtJ2LlceQLr2a0q8IuarKa3XRbZzGn7pPvQbAwaDVFIY07kqmAfWp-Hw=='),(6,1,5,'gAAAAABjtZ7ZQ-aW2Di3vJyfX2N3NmpXZnVgY3BNdwVZ7B6msuEvJdf4MiX6Q_-Zo2gEGtKJtN6RSqA_6wTIs9utcjmdFAYSpA==','gAAAAABjtZ7ZZSpIRAmKg5wWeIp4ItPtqDFDvRH7Fp0CBGK0mxcTiuk2UOYOwuXXXiAcejHc9JyXWU451Xl5VgSdWivXfq0qCA==','gAAAAABjtZ7ZtSLt4LAEvRllsbaqWQwPf09LNtDKYHKQKbKF5bCB_sM9zHpFrfb8G9BxEucXJP6kJLKMlY3v8BaJ5Qha4p8TGw==','gAAAAABjtZ7ZmUJZ_sqj60cDRageaTSJTBxrr2TNONJKxpNY7a4rWoP1I5boce9L9_1hucZ0EtOb6T_o2_WQRreDs_8I5UiCBw=='),(10,3,11,'gAAAAABjuTs1tif5uI7woVy9RpgXzuEmIUrH6DD2IzJnRdk2M-FLkYD1adCGX0xB-ghZf9Hl09vKWHzUfCF7Qs2rq11DRZTqGw==','gAAAAABjuTs1ElJOYOS-bqLq1rOVAyLaHrny2uZbmfFUBS4DqYk9KSribNtp3_-X9jRcUKizXrJymOGCIUwpLChw57k76VPO9w==','gAAAAABjuTs1w-_1CXxxCp3v_r6D4g-HD281njPMMESi62exgDkV6SrqQiZj1nR6CrcKI2SqAjD9RDl7pfkLrITXBy8C0L1GRQ==','gAAAAABjuTs15KhaEQnvWwmZWYcB9KzEIFI2-9t0e_tu7pXBu8WopkGjFl515Mn9kQibKmloT77vHw9lpTIFWOZ8JJBO1LGIDg=='),(11,13,13,'gAAAAABjuVhwa9ynZtHuzakIkBvMStZXRfj5gMbsSUsPBAFBMPP4pN-LngQikqFTNxBbEHDMjDaicy4_ajC7uZcR6NerKpY6lg==','gAAAAABjuVhwOIEP38opWtJAGb4g2MehSTk1FhR4jsJrPds-h6rR4XLQ9tERsUaN8WdwRKZgL5jSJjs7g3XWj4Xk6r2nnGwJpA==','gAAAAABjuVhw9Y72OdGyewjGyjiI2D1ws_RHFF82936HyUdYXtjuNVeJO4K31Cjz77U3X2J7UDWeRgMi_X6pjavrePs_zBOa7A==','gAAAAABjuVhwT1Gdl777adSYzZVcuG3GMtz2PMinENk1306pW70NJKp5_yJ51pXBEygdOJAKVFOuMOT3JzObaD8R6foGI7JRgQ=='),(12,13,14,'gAAAAABjuVhwa9ynZtHuzakIkBvMStZXRfj5gMbsSUsPBAFBMPP4pN-LngQikqFTNxBbEHDMjDaicy4_ajC7uZcR6NerKpY6lg==','gAAAAABjuVhwOIEP38opWtJAGb4g2MehSTk1FhR4jsJrPds-h6rR4XLQ9tERsUaN8WdwRKZgL5jSJjs7g3XWj4Xk6r2nnGwJpA==','gAAAAABjuVhw9Y72OdGyewjGyjiI2D1ws_RHFF82936HyUdYXtjuNVeJO4K31Cjz77U3X2J7UDWeRgMi_X6pjavrePs_zBOa7A==','gAAAAABjuVhwT1Gdl777adSYzZVcuG3GMtz2PMinENk1306pW70NJKp5_yJ51pXBEygdOJAKVFOuMOT3JzObaD8R6foGI7JRgQ=='),(14,3,29,'gAAAAABjzy3Odlp_GNzuHAm-HOHyrt2X4xTq9FW_dG-ZeuORDWashDYuXAta8HIPODcPuSezV08ctphtvuNuxzL4ZT5TbRzV5A==','gAAAAABjzy3Ooip2Vh4B7bgz1Djos6jCr746gkbfVcYSo1tZLcz0xj-SmnHSY5GtNRbpPipAl18zzpnPMH4a32-X2jlglbH-Cg==','gAAAAABjzy3Oo0rUysw2rewWw5mJbNtRoXspOJ5cawq97End8pwgn01ShB2XwChOkUeMyh0CuQsKmEEYnQKikpgd_ojJHsVD3w==','gAAAAABjzy3O_3wkC6B5H16WkgMt2EG9ctsLC2A5QtvG922X_F7CK_t2NNdJb-4LtTRwyMY9MHIG570YfKhM2xt2cdhHPzjCcA=='),(15,3,30,'gAAAAABjzy3xHh2ltVXPidXlHUTuUD_51mFRAhfLmpBmo78UfDms9h3YD4MYfER28cd379svIai5zXjNWhxqZO5CIoxip34bKw==','gAAAAABjzy3xsXc-o4dySWUVnUl6MAQuHAMV9WZlXOq8fo_F4LwaSiTBZhyPCDCuvgr3ZMKpUVMcFI6C701b_W4V44yrt9ffsA==','gAAAAABjzy3xTSBfzerLwgyC03DAyUcEXAzX8pOF9pWg05WaPekNnQ9CVtQxgmadQ_AJWl-9p3hnUzNaDB7fkn4r500iIKpDng==','gAAAAABjzy3xgt6Iv4kaIJPRGOMWEyEw3Q6fxtZwb74j9CitX8HT2KDEy1tOuVKeWc1FWnNajVG2aRGM_QuYmjhk_TXwq_FuGQ=='),(16,3,31,'gAAAAABjzy3Odlp_GNzuHAm-HOHyrt2X4xTq9FW_dG-ZeuORDWashDYuXAta8HIPODcPuSezV08ctphtvuNuxzL4ZT5TbRzV5A==','gAAAAABjzy3Ooip2Vh4B7bgz1Djos6jCr746gkbfVcYSo1tZLcz0xj-SmnHSY5GtNRbpPipAl18zzpnPMH4a32-X2jlglbH-Cg==','gAAAAABjzy3Oo0rUysw2rewWw5mJbNtRoXspOJ5cawq97End8pwgn01ShB2XwChOkUeMyh0CuQsKmEEYnQKikpgd_ojJHsVD3w==','gAAAAABjzy3O_3wkC6B5H16WkgMt2EG9ctsLC2A5QtvG922X_F7CK_t2NNdJb-4LtTRwyMY9MHIG570YfKhM2xt2cdhHPzjCcA=='),(17,3,32,'gAAAAABjzy4aIJy3c869RqjYQNo9EEGDZxsFEyu0y36BkWH7b2YZAHn9xfFnFVEOEtyF-6vBgEDRY5PRiNxcRqq57hW8b7n4-Q==','gAAAAABjzy4a29aKZqdeqbvNSVTOWVCMWmFF1znqvoXhsTzRe10MHnTXVTnWTSgkd4P1bkQq5jTotZ_uj2VejeqZRcgpLh1mIQ==','gAAAAABjzy4auA_FFrG0wUZEAU3x0HtiO8OnNjY7YmCl_BtTysKMqEPuvsTXCWJARtxBu_ie3CHSjaqo98s-rS0OPFlK33ZWSQ==','gAAAAABjzy4aq4HkukczQR04fimwPGjuS3L90YsfhprBANmpom2qAQ7XKPaay2-STu_-4RX3EEHF7xyz04meJlgvLTrjYitE6A=='),(18,3,33,'gAAAAABjzy5Tisn04MFNmtPfYslS1zDTka1YaBoVDZK5tasQSqNv2vF6cz_UTa7pkJoAq26t5acRLY4aCbjUS1RHygMGN-f44g==','gAAAAABjzy5T4KrspHrlxWWnwIvtY_dhIRsB3Thk6SHCD2LEJPFUAdIm4SsIouOOLxweOP2eU-BbS-6fIuPVLmt6fiMiQy8Abw==','gAAAAABjzy5TyZ5LGcyaKv0zL4se1hn4A0l724k8N-vDbIziRAPfLHc8zliL4ciHSUHIcn4tzCR9lj5L4GyOjzARBGO7RjPdag==','gAAAAABjzy5TEBaDvrMNEujCZfZ5dEfvUSwdCYQzhnjN1e8ot6VGybrxwflN7L8gxZ-p3HXX6e9rdCnN0GLhb2HvF6o7hW3naA==');
/*!40000 ALTER TABLE `polozky` ENABLE KEYS */;
UNLOCK TABLES;

--
-- Table structure for table `popisky`
--

DROP TABLE IF EXISTS `popisky`;
/*!40101 SET @saved_cs_client     = @@character_set_client */;
/*!50503 SET character_set_client = utf8mb4 */;
CREATE TABLE `popisky` (
  `id` int NOT NULL AUTO_INCREMENT,
  `user_id` int NOT NULL,
  `nazev` tinytext NOT NULL,
  `popisek` text NOT NULL,
  `je_sifrovano` tinyint(1) NOT NULL,
  `smazano_uzivatelem` tinyint(1) NOT NULL,
  PRIMARY KEY (`id`)
) ENGINE=InnoDB AUTO_INCREMENT=17 DEFAULT CHARSET=utf8mb4 COLLATE=utf8mb4_0900_ai_ci;
/*!40101 SET character_set_client = @saved_cs_client */;

--
-- Dumping data for table `popisky`
--

LOCK TABLES `popisky` WRITE;
/*!40000 ALTER TABLE `popisky` DISABLE KEYS */;
INSERT INTO `popisky` VALUES (2,1,'gAAAAABjtY553JOw-4WxzfmvELLA1B4uSveZZPiB5cuEk6eW0G3kO1DTUNSci-54hL4Dm1rcoqNscpe-yvtp73ErtyVfofnt9Q==','gAAAAABjtY55SukoGm5YvFZK5IhSin8EanmG2K1-kTYpADXfhQ5Qq9Z-fmAIFx_pN-InQgxDWFRDCrUcHpJ153PdTA8aaheIE8MzBtArVdU7g-Z1SVge-B8=',1,1),(3,1,'gAAAAABjtZUBtFQvl_Ee5LTNZc4VN3xQQudoFCX90Soa1OJgW2nI1cDB5zmFGYidoU8uwQVvSJl_TjOTn27-U0SpqRtH2j-O9g==','gAAAAABjtZUBd3uKteSI0QcOgcYkdMYL9FwdVDmg0sMlFVryJn8DGaZVxotvOReUg6vNSl0HVtee7J08SUiG9TSkyF8uZulMDT-h7wj6N9cEFnCexahGk_U=',1,0),(5,13,'gAAAAABjucZac1IR2AktuNjGGUXDIiHSs3QdXqvc3jrLRoMwlTIJWJV0HwERSGD-P6nHGZrCpTPnY8vsmYl7XwLUTP6qQxMwNxp2cZw1ppLFSpWZa-HjyQc=','gAAAAABjucZaztVr_zrEDRKJfanPF9ipa30PgavoiGEpyE7z14nElWVxneisWMBotxUHx8xoMVZckOB43Vz-rYS3PekZnGAnEpRZT4A8LknfhEyzukrvn3J1pCNUPtCn6FQpZuej7L6RXGNpxGk9-UajKHJhprJFFSnNejh2L5ECne78bKJMhjtnCAqHX4e1b5JW2_Rn9I9tHetq_DNsIdy_5ZDarhT38NGfGKJJkF5olwULnhwT2tNXd_S3alX55eFimhuDcBJE',1,0),(6,13,'gAAAAABjucZgBEZ0yGr7-qZb_uafhKKQwETkc41KEAABbgA4CjVGFCX0WzvP4XlISwXpSH9I424mnTevQgPcYsFv-LLbOcO04w==','gAAAAABjucZgUmyQmTX2iOY9hKmERqa8uu0i7AnrxAv2CjQATFsdq5BhYxkyN1dPv07NNTAfV9y9thod4JgQlPc1DRMop8O-7Xk2D2TV4Ud44VenSgdSqTf115TtiFUyZOxnjoHy_LzI4mlBlZo1D9CqGZ0Wlp8Fs_od-2H3Csfs2UaHNVIdT_s=',1,0),(7,13,'gAAAAABjucZmoVn7o0WfpUIRcUyK2miFTDEdpkegx47L1h_iZPKbrwjtz4F7nKQ-NLq-lCWMRAjddQvMjmCrLuRVjdd60IpcSNUx-jHIgHTJ6sJ5ZTgozl0=','gAAAAABjucZmXrvlaeGyMCPLKeAdmGGcxQBRY-BqlxIOVOe60L9yoiZhIi22Gl9p4vnIRo4BEXbghHEpM0iQF-YTaFmM6iMDyQRZB5YX8JyFLr6nVGE5_mD40y4Qq2TkNkwj0lz1RFr3OLMh3rzRkZl78emptAwFiGBmu5GdRR3Hg3M2Apm4O5AyLjimtCa-3w5_r62-Ji8MEgxkc5oUeeJJwZZBbU-u3kvBtFU_WwcUmbtx4sTamupc3LBL4gvovt8A7o3SfbLj',1,0),(8,13,'gAAAAABjucZxTaS-6cogDfgc9AR4W4XMgRxWh_D7O7XiZEgFb_wY8n92ZzPYwXkDtLD-cN0GvD8IYDcFVG7Ts9Oxa8124H77jg==','gAAAAABjucZx0PVrfEKooSpyYLEPYGr0KTvT1AtX5-5GbAOakW9xpU9zpwNymNAQldh6G-220R4ZX4l2oz7mKXxYLCNjS4vAXjtTMMOWJvz8dBFDiPXZ0TWi0dGwokFNF6FQy6Ja3XCEOU3YWQ1qWp4JFsB-FwpSr-qaaFkb3aFVOcBBIJEVB2FUNK2fVhbO-B5HsS6p9umOXlOyBt8Az5ZbDR5Ioy8xE0Sz7aEdPrmDG_RLTSbJjZVKqVB8AgbvDY-52C9lpm0mv2D6LxBlO6hM0EZArjwPrA==',1,0),(9,13,'gAAAAABjucZ5QnZOhglukHFWTD6MQmFQ9sEi_5fpFJ8V0lwTb8V6RlIWaPNwWnPg2pLSiHQSFJqYJ-WYOwY8uEZHt3bmYuSB_4KoVdQ2jiGCDmeHsBvqhE8=','gAAAAABjucZ5DWBQ4vPFHwmQkCtbTBS4gzVi1gasav63qJC6q9uFNzVYYJM7ysg5KY6opGpH3wILv4VRAl7KrrkvtPXbBJDAPIPSIuCERlHqcVCVE78ZQ81gnmNpQTBDrZRh8GfUt3Hc5Sa8Us1fjkvzAWuX5Ytc_o8Syx3Y67n8ny17HIkJdld7JFPAQeU-i3R48OD2pcOqdug-6PYVrcA16430nJud4eo_PIXpNvajAq1EKqiIz_vnatTWFW4IXxBQS0WrKzFh',1,0),(10,13,'gAAAAABjucaCCJGCVCTwCNDw3mTcoFYqvowgW1VLhThdnjc6xqOcySCpR_imAweomGSJN_eYORp6XA9jC8pJ-f6f7J7vM_TY0w==','gAAAAABjucaCtUx7YZo8fB9d3UtRgPV6XMHmsBYxyRmJJ6COISZfEt-z1J3EXvPa9ZaqeURZU2MTxdlZDWGo5Snd46bmz6d-xq8XMseoKYpnYtvDQMcWWiNUISq6N2vkiIThFS3VEmPCht5yT7WcN666VeQGjcC6vfz2WVLtxyXZ7AeusocySVyyv3p1OysG0yA5QA6q0Z17J1pobUz9n-TFkAOUhkxR6w1Tv8WATExSezUPhso7fBE=',1,0),(11,13,'gAAAAABjucaIQOBNkx8JtAIlbtBMbGJDbR5vlDSbTonXZAXsfq0wKwbZ4q2_CCTCEyoo6oJI-scYttOLCVmDrkue5WU_LgQn2g==','gAAAAABjucaI7R3be0e-6ctY2xhQpZaUHptSfYw3pw2-OTKZOVKsmmSCchlapXEwwHL9rYJKoy3ox5zXkWVCzTMvApRJHk4Cg27HGLqac7i1YFUl2aJwwMJ-F68WvSBvKefcOxcBvkj06-gap54EztekE5075rKZb0wDOfrtTvFRL6O6IlZ4psNDoid7nyUNakJ2S5v3WWxumv_7Xu4cwoUusZiMjC452g==',1,0),(12,13,'gAAAAABjucaPudfAWHWQpy7fOrKHqxF8KtD6dAF2E9-7VPxVWsp_Tf-Yu6iIkeuBBniIDGzpLvK6EC_szSx2gS8vIhqOqSNS9dR4B9NSDo5025MDM3w4E-g=','gAAAAABjucaPuBr0RBbKybW4_ToCKKuorP4pkyoBYXm2q8hiz14PZ7xUqPvPqZNPgyo8JfT7c1bAlrt1h6ygKwuLWLZQRFvn62XW5hv00pmVtE1ClpQ_gD2dZjbUQ6S9h1jBBcc2kmiMQiU1xvJ3D3i_Kf79qvzF2A==',1,0),(13,13,'gAAAAABjucaVA5ZNQQqwuFSbFrGobkG7uWujmHj_ZCEUxg57NpnteL8o9OWF_iP024xnF6va0_LCmrshVPBZ68isVaiprGv7L6whrXgWwZgyf8TryzoWEKM=','gAAAAABjucaV7oKZoQPyBjqZyHe3RvdLxYkH8cNVmudOASlrUSMaLxO-C7z__VW1if0NX-Rb6sgXg7f8iKK7fNZ40TRfTxaKXyO0zuhPyjVDlnaGYuiCnQU4BLEryPYoA7ib9JUvXUnggznq_rjxbvMylYiS4N1rIb9_wCaptBy_fEnrNBXrdyBtyBlJfKgn7TWuc4JRD74bSBrJcNfERIaOs-kSL8M-Em_NM6_a9GGH9cElzfqnXfAlnfCV_vi6RB2FZ5SYwP93Msbc6NT-T9X6JfRZjcKQAw==',1,0),(14,13,'gAAAAABjucabK_gCHE0F-zsuMC_B81zUjkZmsgDaUeikV49Z-PESVWjH5nX1DBb7GLf8aHFYuRgmzS8gf6MzgF6UdwFao7kpjw==','gAAAAABjucabp2T9nxGiAh0kwm98--k6ByZfuYHIuiofuwZpmENxWLOz5pcz1ClTe10pfS6M4j7X31Aw7sAI_PSkLv6H1RSafKWB7IBNihDbDcr3anNnC6RT5lfOxmL3XFAKqcrZdjf-IpYOK3DVy2i49G-oCMYXA5v8DECVXJz93jOIwP5RmY_ml2OCkn0lJkb66yGL-stYtahgvKoX4Vuu66kzWxLB0c5xIra1naLr_KRsDm6WqRRmqtnttCavbHdWzicf7QAS',1,0),(15,13,'gAAAAABjucagTG3yTbQzfdIR2BD8yOQCAByzqzKijSsGduF4NO6UzgFKKvRfePbwOXViU18Q3ZaT3htOi81T041znPj_SElZvxqz9p3g0Olte5RJVRfU2eA=','gAAAAABjucagwtOysIvb6169AGBQ5wNVCqBUw2x8xWBWLPSIRPt_zdZ5xP0WE_pYWy3fJyI9Tvi6S9Qsf7rHV6PgE6MjQEa52r29RCpQNT8xy-KzFBnhXn_wKRfb5Sy09uWfYZObKw4v-Bjhrjo7HmyjXRYTNj5oz8_5pHXKWVWVT5enp6ukQWzMTlcEURzUv7t8MWol2yL3bjsTtN7Q3kLL8niv_r1i1BnNdJwljZ3oXrkcSNFSIJsWgMALg-LqXnV1YLZXxuZV',1,0),(16,3,'gAAAAABjycG2HiNJ6RTNb4FIUc328YWho-ShnaoMkEZiaFcZOklcEi76Qd5N5B0vfz29aOtzFgdpizLXQmjOaNXXccuwBFL5Uw==','gAAAAABjycG2Mzok-Am7Y5JVOyIPt_wKFrhdh3WLswGtFn8WG4xxtEgtbv64PAa-unZdK3CHvMEzpOoBCS8g4ARPucV-aH0aVQ==',1,0);
/*!40000 ALTER TABLE `popisky` ENABLE KEYS */;
UNLOCK TABLES;

--
-- Table structure for table `sablony`
--

DROP TABLE IF EXISTS `sablony`;
/*!40101 SET @saved_cs_client     = @@character_set_client */;
/*!50503 SET character_set_client = utf8mb4 */;
CREATE TABLE `sablony` (
  `sid` int NOT NULL AUTO_INCREMENT,
  `nazev` tinytext NOT NULL,
  `user_id` int NOT NULL,
  `faktura_id` int NOT NULL,
  PRIMARY KEY (`sid`)
) ENGINE=InnoDB AUTO_INCREMENT=8 DEFAULT CHARSET=utf8mb4 COLLATE=utf8mb4_0900_ai_ci;
/*!40101 SET character_set_client = @saved_cs_client */;

--
-- Dumping data for table `sablony`
--

LOCK TABLES `sablony` WRITE;
/*!40000 ALTER TABLE `sablony` DISABLE KEYS */;
INSERT INTO `sablony` VALUES (2,'test',1,3),(3,'Karel',3,9),(4,'Lol',3,11),(6,'lop',3,20),(7,'huh',3,31);
/*!40000 ALTER TABLE `sablony` ENABLE KEYS */;
UNLOCK TABLES;

--
-- Table structure for table `users`
--

DROP TABLE IF EXISTS `users`;
/*!40101 SET @saved_cs_client     = @@character_set_client */;
/*!50503 SET character_set_client = utf8mb4 */;
CREATE TABLE `users` (
  `user_id` int NOT NULL AUTO_INCREMENT,
  `username` varchar(256) NOT NULL,
  `email` varchar(128) NOT NULL,
  `password` varchar(2048) NOT NULL,
  `data_key` varchar(2048) NOT NULL,
  PRIMARY KEY (`user_id`)
) ENGINE=InnoDB AUTO_INCREMENT=14 DEFAULT CHARSET=utf8mb4 COLLATE=utf8mb4_0900_ai_ci;
/*!40101 SET character_set_client = @saved_cs_client */;

--
-- Dumping data for table `users`
--

LOCK TABLES `users` WRITE;
/*!40000 ALTER TABLE `users` DISABLE KEYS */;
INSERT INTO `users` VALUES (1,'walteris','walter@gmail.com','$2b$12$xpCmKkxldpiGLPAW755hV.82EHRAdmuBy931Uj.D1uROlSoFb3PwK','gAAAAABjtHwAFPTGJXtYhOWBx7LAS7XsFZpY6WG-CtxOUu_HqInVcaZeTHWN4XOqcdlDL2HDUV11FvzFyennSKVTVlWzHh5PfUVhjMt4iCWiMTYcKBcfEqAGK787F-pgDSFRpx5IYgeA'),(3,'walter','zikavaclav05@gmail.com','$2b$12$JjScdjcRTUbqwih7M1R7eeAMnYCASOlh6/vNCRGBkChLGdkgI2wxS','gAAAAABjtaHiNxQvI78UPrYLc9D5xIO_4oxKCSoWEMdLZMyoMyIboZq-Ymtj5hpPdT3BPaojZY4O3aWEdA4G05xEub2AgCOOr2ZD_I6xEccF5v2hyMGt1G6lz4BuzH4tqyHeIwGpNMum'),(5,'mamajoe','bruh@bruh.com','$2b$12$yLjPAw262aTXBJyflccNP.wmtMX9acfldi8cfKcYUQjC2oN9uj8Xy','gAAAAABjtoZW5EoycGss2578PagCQAWlAeZoKXDoTtjdwYNJDZB2blxjVbz1kqdIgdEh6urxwni5WlzsCFvElHkcVmBYn7kRSFBP5MJf3_ZlFk_rCiOJTNFGOmniIy0Tz5DZ06QrBjoZ'),(12,'mama','𒈙𒈙𒈙𒈙𒈙𒈙𒈙𒈙𒈙𒈙𒈙𒈙𒈙𒈙𒈙𒈙𒈙𒈙𒈙𒈙𒈙𒈙𒈙𒈙𒈙𒈙𒈙𒈙𒈙𒈙𒈙𒈙𒈙𒈙𒈙𒈙𒈙𒈙𒈙𒈙𒈙𒈙𒈙𒈙𒈙𒈙𒈙𒈙𒈙𒈙𒈙𒈙𒈙𒈙𒈙𒈙𒈙𒈙𒈙𒈙𒈙𒈙𒈙𒈙𒈙𒈙𒈙𒈙𒈙𒈙𒈙𒈙𒈙𒈙𒈙𒈙𒈙𒈙𒈙𒈙𒈙𒈙𒈙𒈙𒈙𒈙𒈙𒈙𒈙𒈙𒈙𒈙𒈙𒈙𒈙𒈙𒈙𒈙𒈙𒈙','$2b$12$VoRYNibiy8p2vXDVyH0W4el//NY4CIalsUltRbw/8GT9eIz8TqCmu','gAAAAABjtotiqg5rlBLTNg9pa14nM1JyulJQhIEXn3YydkDTGnIwSXyQj21CLTfcGNeVoJ-fI3pAm8A84jHRcbtMXh4kQpAj5jNLfE0a7d9-1E8Nc_8x25bLRl8BZEAFpMoZcseyG8Jr'),(13,'alett@alettgroup.cz','jiri.limpouch@alettgroup.cz','$2b$12$nvQ7Rc/cpm7O7BtcF/pac.bRFxXQ/HI3ZxAw8iqT1LyGE83REmpHS','gAAAAABjuVa7v3isjn-hXZLgfqwIlfF9VxOxqEhFCr2hOxpmY5sykxjwHxQLRxu_1db7It2ILKoPpnPDbOA0dA_KgUzVA-9ubQ70TVEgGX1Te_rKaczi21c8lgck1S3emD8jaH-3vZ9F');
/*!40000 ALTER TABLE `users` ENABLE KEYS */;
UNLOCK TABLES;
/*!40103 SET TIME_ZONE=@OLD_TIME_ZONE */;

/*!40101 SET SQL_MODE=@OLD_SQL_MODE */;
/*!40014 SET FOREIGN_KEY_CHECKS=@OLD_FOREIGN_KEY_CHECKS */;
/*!40014 SET UNIQUE_CHECKS=@OLD_UNIQUE_CHECKS */;
/*!40101 SET CHARACTER_SET_CLIENT=@OLD_CHARACTER_SET_CLIENT */;
/*!40101 SET CHARACTER_SET_RESULTS=@OLD_CHARACTER_SET_RESULTS */;
/*!40101 SET COLLATION_CONNECTION=@OLD_COLLATION_CONNECTION */;
/*!40111 SET SQL_NOTES=@OLD_SQL_NOTES */;

-- Dump completed on 2023-02-26 15:34:15
